"No.","Time","Source","Destination","Protocol","Length","Info"
"1","0.000000","172.16.78.254","172.16.78.94","DHCP","342","DHCP ACK      - Transaction ID 0xd22f075"
"2","4.011931","172.16.78.254","172.16.78.94","DHCP","342","DHCP ACK      - Transaction ID 0xd22f075"
"3","4.023809","172.16.78.94","224.0.0.252","LLMNR","70","Standard query 0x8ba5 ANY Voltron-PC"
"4","4.098898","172.16.78.94","172.16.78.1","NBNS","110","Registration NB VOLTRON-PC<00>"
"5","4.099217","172.16.78.94","172.16.78.1","NBNS","110","Registration NB WORKGROUP<00>"
"6","4.099913","172.16.78.94","172.16.78.1","NBNS","110","Registration NB VOLTRON-PC<20>"
"7","4.118966","172.16.78.94","224.0.0.252","LLMNR","70","Standard query 0x8ba5 ANY Voltron-PC"
"8","5.020516","172.16.78.94","172.16.78.1","DNS","78","Standard query 0xc0d0 A isatap.localdomain"
"9","5.021440","172.16.78.1","172.16.78.94","DNS","78","Standard query response 0xc0d0 No such name A isatap.localdomain"
"10","5.600205","172.16.78.94","172.16.78.1","NBNS","110","Registration NB VOLTRON-PC<20>"
"11","5.600454","172.16.78.94","172.16.78.1","NBNS","110","Registration NB WORKGROUP<00>"
"12","5.600465","172.16.78.94","172.16.78.1","NBNS","110","Registration NB VOLTRON-PC<00>"
"13","6.419971","172.16.78.94","172.16.78.1","DNS","85","Standard query 0x4f69 A teredo.ipv6.microsoft.com"
"14","6.490186","172.16.78.1","172.16.78.94","DNS","85","Standard query response 0x4f69 No such name A teredo.ipv6.microsoft.com"
"15","7.048125","172.16.78.94","224.0.0.252","LLMNR","70","Standard query 0x2a95 ANY Voltron-PC"
"16","7.054866","172.16.78.94","255.255.255.255","DHCP","342","DHCP Inform   - Transaction ID 0xde53c738"
"17","7.055028","172.16.78.254","172.16.78.94","DHCP","342","DHCP ACK      - Transaction ID 0xde53c738"
"18","7.059018","172.16.78.94","172.16.78.1","DNS","76","Standard query 0xe1e5 A wpad.localdomain"
"19","7.059753","172.16.78.1","172.16.78.94","DNS","76","Standard query response 0xe1e5 No such name A wpad.localdomain"
"20","7.060206","172.16.78.94","224.0.0.252","LLMNR","64","Standard query 0x13d9 A wpad"
"21","7.100819","172.16.78.94","172.16.78.1","NBNS","110","Registration NB VOLTRON-PC<00>"
"22","7.100965","172.16.78.94","172.16.78.1","NBNS","110","Registration NB WORKGROUP<00>"
"23","7.100972","172.16.78.94","172.16.78.1","NBNS","110","Registration NB VOLTRON-PC<20>"
"24","7.148747","172.16.78.94","224.0.0.252","LLMNR","70","Standard query 0x2a95 ANY Voltron-PC"
"25","7.163119","172.16.78.94","224.0.0.252","LLMNR","64","Standard query 0x13d9 A wpad"
"26","7.366080","172.16.78.94","172.16.78.1","NBNS","92","Name query NB WPAD<00>"
"27","8.646485","172.16.78.94","172.16.78.255","NBNS","110","Registration NB VOLTRON-PC<00>"
"28","8.646564","172.16.78.94","172.16.78.255","NBNS","110","Registration NB WORKGROUP<00>"
"29","8.646669","172.16.78.94","172.16.78.255","NBNS","110","Registration NB VOLTRON-PC<20>"
"30","8.880381","172.16.78.94","172.16.78.1","NBNS","92","Name query NB WPAD<00>"
"31","9.410836","172.16.78.94","172.16.78.255","NBNS","110","Registration NB VOLTRON-PC<20>"
"32","9.410916","172.16.78.94","172.16.78.255","NBNS","110","Registration NB WORKGROUP<00>"
"33","9.411018","172.16.78.94","172.16.78.255","NBNS","110","Registration NB VOLTRON-PC<00>"
"34","10.175115","172.16.78.94","172.16.78.255","NBNS","110","Registration NB VOLTRON-PC<00>"
"35","10.175203","172.16.78.94","172.16.78.255","NBNS","110","Registration NB WORKGROUP<00>"
"36","10.175294","172.16.78.94","172.16.78.255","NBNS","110","Registration NB VOLTRON-PC<20>"
"37","10.392637","172.16.78.94","172.16.78.1","NBNS","92","Name query NB WPAD<00>"
"38","10.939441","172.16.78.94","172.16.78.255","NBNS","110","Registration NB VOLTRON-PC<20>"
"39","10.939520","172.16.78.94","172.16.78.255","NBNS","110","Registration NB WORKGROUP<00>"
"40","10.939661","172.16.78.94","172.16.78.255","NBNS","110","Registration NB VOLTRON-PC<00>"
"41","11.937962","172.16.78.94","172.16.78.255","NBNS","92","Name query NB WPAD<00>"
"42","12.702368","172.16.78.94","172.16.78.255","NBNS","92","Name query NB WPAD<00>"
"43","13.466711","172.16.78.94","172.16.78.255","NBNS","92","Name query NB WPAD<00>"
"44","14.234926","172.16.78.94","172.16.78.1","DNS","76","Standard query 0x3d8a A www.msftncsi.com"
"45","14.304427","172.16.78.1","172.16.78.94","DNS","182","Standard query response 0x3d8a A www.msftncsi.com CNAME www.msftncsi.com.edgesuite.net CNAME a1961.g2.akamai.net A 104.107.60.248 A 104.107.60.57"
"46","14.307975","172.16.78.94","104.107.60.248","TCP","66","49157  >  80 [SYN] Seq=0 Win=8192 Len=0 MSS=1460 WS=256 SACK_PERM=1"
"47","14.376849","104.107.60.248","172.16.78.94","TCP","60","80  >  49157 [SYN, ACK] Seq=0 Ack=1 Win=64240 Len=0 MSS=1460"
"48","14.377062","172.16.78.94","104.107.60.248","TCP","60","49157  >  80 [ACK] Seq=1 Ack=1 Win=64240 Len=0"
"49","14.377287","172.16.78.94","104.107.60.248","HTTP","151","GET /ncsi.txt HTTP/1.1 "
"50","14.377424","104.107.60.248","172.16.78.94","TCP","60","80  >  49157 [ACK] Seq=1 Ack=98 Win=64240 Len=0"
"51","14.446255","104.107.60.248","172.16.78.94","HTTP","233","HTTP/1.1 200 OK  (text/plain)"
"52","14.446458","172.16.78.94","104.107.60.248","TCP","60","49157  >  80 [ACK] Seq=98 Ack=181 Win=64061 Len=0"
"53","14.446601","172.16.78.94","104.107.60.248","TCP","60","49157  >  80 [FIN, ACK] Seq=98 Ack=181 Win=64061 Len=0"
"54","14.446677","104.107.60.248","172.16.78.94","TCP","60","80  >  49157 [ACK] Seq=181 Ack=99 Win=64239 Len=0"
"55","17.786415","217.197.116.46","172.16.78.94","TCP","60","80  >  49361 [FIN, PSH, ACK] Seq=1 Ack=1 Win=64240 Len=0"
"56","20.721028","51.254.164.50","172.16.78.94","TLSv1.2","597","Application Data"
"57","20.824474","51.254.164.50","172.16.78.94","TCP","597","[TCP Retransmission] 443  >  49348 [PSH, ACK] Seq=1 Ack=1 Win=64240 Len=543"
"58","20.925957","51.254.164.50","172.16.78.94","TCP","597","[TCP Retransmission] 443  >  49348 [PSH, ACK] Seq=1 Ack=1 Win=64240 Len=543"
"59","21.026794","51.254.164.50","172.16.78.94","TCP","597","[TCP Retransmission] 443  >  49348 [PSH, ACK] Seq=1 Ack=1 Win=64240 Len=543"
"60","22.027654","51.254.164.50","172.16.78.94","TCP","597","[TCP Retransmission] 443  >  49348 [PSH, ACK] Seq=1 Ack=1 Win=64240 Len=543"
"61","23.388586","172.16.78.94","172.16.78.1","DNS","85","Standard query 0x75fe A teredo.ipv6.microsoft.com"
"62","23.458615","172.16.78.1","172.16.78.94","DNS","85","Standard query response 0x75fe No such name A teredo.ipv6.microsoft.com"
"63","24.027637","51.254.164.50","172.16.78.94","TCP","597","[TCP Retransmission] 443  >  49348 [PSH, ACK] Seq=1 Ack=1 Win=64240 Len=543"
"64","28.032821","51.254.164.50","172.16.78.94","TCP","597","[TCP Retransmission] 443  >  49348 [PSH, ACK] Seq=1 Ack=1 Win=64240 Len=543"
"65","36.037638","51.254.164.50","172.16.78.94","TCP","597","[TCP Retransmission] 443  >  49348 [PSH, ACK] Seq=1 Ack=1 Win=64240 Len=543"
"66","52.037613","51.254.164.50","172.16.78.94","TCP","597","[TCP Retransmission] 443  >  49348 [PSH, ACK] Seq=1 Ack=1 Win=64240 Len=543"
"67","78.902783","172.16.78.94","172.16.78.1","DNS","72","Standard query 0x7a08 A forstraus.co"
"68","79.294057","172.16.78.1","172.16.78.94","DNS","146","Standard query response 0x7a08 A forstraus.co A 119.28.137.58 NS b.dnspod.com NS c.dnspod.com NS a.dnspod.com"
"69","79.300256","172.16.78.94","119.28.137.58","TCP","66","49158  >  80 [SYN] Seq=0 Win=8192 Len=0 MSS=1460 WS=256 SACK_PERM=1"
"70","79.703120","119.28.137.58","172.16.78.94","TCP","60","80  >  49158 [SYN, ACK] Seq=0 Ack=1 Win=64240 Len=0 MSS=1460"
"71","79.703375","172.16.78.94","119.28.137.58","TCP","60","49158  >  80 [ACK] Seq=1 Ack=1 Win=64240 Len=0"
"72","79.703806","172.16.78.94","119.28.137.58","HTTP","160","GET /dfhguserhivesbvhio-84u84jdfkvkdf/utilite.exe HTTP/1.1 "
"73","79.703872","119.28.137.58","172.16.78.94","TCP","60","80  >  49158 [ACK] Seq=1 Ack=107 Win=64240 Len=0"
"74","81.430833","119.28.137.58","172.16.78.94","TCP","1282","80  >  49158 [PSH, ACK] Seq=1 Ack=107 Win=64240 Len=1228 [TCP segment of a reassembled PDU]"
"75","81.430956","119.28.137.58","172.16.78.94","TCP","1282","80  >  49158 [PSH, ACK] Seq=1229 Ack=107 Win=64240 Len=1228 [TCP segment of a reassembled PDU]"
"76","81.431243","172.16.78.94","119.28.137.58","TCP","60","49158  >  80 [ACK] Seq=107 Ack=2457 Win=64240 Len=0"
"77","81.431519","119.28.137.58","172.16.78.94","TCP","1514","80  >  49158 [ACK] Seq=2457 Ack=107 Win=64240 Len=1460 [TCP segment of a reassembled PDU]"
"78","81.431530","119.28.137.58","172.16.78.94","TCP","1514","80  >  49158 [ACK] Seq=3917 Ack=107 Win=64240 Len=1460 [TCP segment of a reassembled PDU]"
"79","81.431533","119.28.137.58","172.16.78.94","TCP","1514","80  >  49158 [ACK] Seq=5377 Ack=107 Win=64240 Len=1460 [TCP segment of a reassembled PDU]"
"80","81.431535","119.28.137.58","172.16.78.94","TCP","586","80  >  49158 [PSH, ACK] Seq=6837 Ack=107 Win=64240 Len=532 [TCP segment of a reassembled PDU]"
"81","81.431537","119.28.137.58","172.16.78.94","TCP","1514","80  >  49158 [ACK] Seq=7369 Ack=107 Win=64240 Len=1460 [TCP segment of a reassembled PDU]"
"82","81.431539","119.28.137.58","172.16.78.94","TCP","1514","80  >  49158 [ACK] Seq=8829 Ack=107 Win=64240 Len=1460 [TCP segment of a reassembled PDU]"
"83","81.431541","119.28.137.58","172.16.78.94","TCP","1514","80  >  49158 [ACK] Seq=10289 Ack=107 Win=64240 Len=1460 [TCP segment of a reassembled PDU]"
"84","81.431766","172.16.78.94","119.28.137.58","TCP","60","[TCP ACKed unseen segment] 49158  >  80 [ACK] Seq=107 Ack=12281 Win=62248 Len=0"
"85","81.434228","172.16.78.94","119.28.137.58","TCP","60","[TCP Window Update] [TCP ACKed unseen segment] 49158  >  80 [ACK] Seq=107 Ack=12281 Win=64240 Len=0"
"86","81.854364","119.28.137.58","172.16.78.94","TCP","1514","[TCP Previous segment not captured] 80  >  49158 [ACK] Seq=12281 Ack=107 Win=64240 Len=1460 [TCP segment of a reassembled PDU]"
"87","81.854404","119.28.137.58","172.16.78.94","TCP","1050","80  >  49158 [PSH, ACK] Seq=13741 Ack=107 Win=64240 Len=996 [TCP segment of a reassembled PDU]"
"88","81.854587","172.16.78.94","119.28.137.58","TCP","60","[TCP ACKed unseen segment] 49158  >  80 [ACK] Seq=107 Ack=14737 Win=64240 Len=0"
"89","81.854592","119.28.137.58","172.16.78.94","TCP","1514","80  >  49158 [ACK] Seq=14737 Ack=107 Win=64240 Len=1460 [TCP segment of a reassembled PDU]"
"90","81.854596","119.28.137.58","172.16.78.94","TCP","1050","80  >  49158 [PSH, ACK] Seq=16197 Ack=107 Win=64240 Len=996 [TCP segment of a reassembled PDU]"
"91","81.855041","119.28.137.58","172.16.78.94","TCP","1514","80  >  49158 [ACK] Seq=17193 Ack=107 Win=64240 Len=1460 [TCP segment of a reassembled PDU]"
"92","81.855058","119.28.137.58","172.16.78.94","TCP","1514","80  >  49158 [ACK] Seq=18653 Ack=107 Win=64240 Len=1460 [TCP segment of a reassembled PDU]"
"93","81.855062","119.28.137.58","172.16.78.94","TCP","1514","80  >  49158 [ACK] Seq=20113 Ack=107 Win=64240 Len=1460 [TCP segment of a reassembled PDU]"
"94","81.855065","119.28.137.58","172.16.78.94","TCP","586","80  >  49158 [PSH, ACK] Seq=21573 Ack=107 Win=64240 Len=532 [TCP segment of a reassembled PDU]"
"95","81.855068","119.28.137.58","172.16.78.94","TCP","1514","80  >  49158 [ACK] Seq=22105 Ack=107 Win=64240 Len=1460 [TCP segment of a reassembled PDU]"
"96","81.855071","119.28.137.58","172.16.78.94","TCP","1514","80  >  49158 [ACK] Seq=23565 Ack=107 Win=64240 Len=1460 [TCP segment of a reassembled PDU]"
"97","81.855073","119.28.137.58","172.16.78.94","TCP","1514","80  >  49158 [ACK] Seq=25025 Ack=107 Win=64240 Len=1460 [TCP segment of a reassembled PDU]"
"98","81.855708","172.16.78.94","119.28.137.58","TCP","60","[TCP ACKed unseen segment] 49158  >  80 [ACK] Seq=107 Ack=36841 Win=58332 Len=0"
"99","81.855716","172.16.78.94","119.28.137.58","TCP","60","[TCP Window Update] [TCP ACKed unseen segment] 49158  >  80 [ACK] Seq=107 Ack=36841 Win=64240 Len=0"
"100","82.264391","119.28.137.58","172.16.78.94","TCP","1514","[TCP Previous segment not captured] 80  >  49158 [ACK] Seq=36841 Ack=107 Win=64240 Len=1460 [TCP segment of a reassembled PDU]"
"101","82.264410","119.28.137.58","172.16.78.94","TCP","1050","80  >  49158 [PSH, ACK] Seq=38301 Ack=107 Win=64240 Len=996 [TCP segment of a reassembled PDU]"
"102","82.264575","172.16.78.94","119.28.137.58","TCP","60","[TCP ACKed unseen segment] 49158  >  80 [ACK] Seq=107 Ack=39297 Win=64240 Len=0"
"103","82.266749","119.28.137.58","172.16.78.94","TCP","1514","80  >  49158 [ACK] Seq=39297 Ack=107 Win=64240 Len=1460 [TCP segment of a reassembled PDU]"
"104","82.266772","119.28.137.58","172.16.78.94","TCP","1050","80  >  49158 [PSH, ACK] Seq=40757 Ack=107 Win=64240 Len=996 [TCP segment of a reassembled PDU]"
"105","82.266776","119.28.137.58","172.16.78.94","TCP","1514","80  >  49158 [ACK] Seq=41753 Ack=107 Win=64240 Len=1460 [TCP segment of a reassembled PDU]"
"106","82.266779","119.28.137.58","172.16.78.94","TCP","1050","80  >  49158 [PSH, ACK] Seq=43213 Ack=107 Win=64240 Len=996 [TCP segment of a reassembled PDU]"
"107","82.266782","119.28.137.58","172.16.78.94","TCP","1514","80  >  49158 [ACK] Seq=44209 Ack=107 Win=64240 Len=1460 [TCP segment of a reassembled PDU]"
"108","82.266842","119.28.137.58","172.16.78.94","TCP","1050","80  >  49158 [PSH, ACK] Seq=45669 Ack=107 Win=64240 Len=996 [TCP segment of a reassembled PDU]"
"109","82.266849","119.28.137.58","172.16.78.94","TCP","1514","80  >  49158 [ACK] Seq=46665 Ack=107 Win=64240 Len=1460 [TCP segment of a reassembled PDU]"
"110","82.484002","119.28.137.58","172.16.78.94","TCP","1282","[TCP Previous segment not captured] 80  >  49158 [PSH, ACK] Seq=83505 Ack=107 Win=64240 Len=1228 [TCP segment of a reassembled PDU]"
"111","82.585502","119.28.137.58","172.16.78.94","TCP","1282","[TCP Retransmission] 80  >  49158 [PSH, ACK] Seq=83505 Ack=107 Win=64240 Len=1228"
"112","82.585736","172.16.78.94","119.28.137.58","TCP","60","[TCP ACKed unseen segment] 49158  >  80 [ACK] Seq=107 Ack=84733 Win=63012 Len=0"
"113","82.586895","119.28.137.58","172.16.78.94","TCP","1282","80  >  49158 [PSH, ACK] Seq=84733 Ack=107 Win=64240 Len=1228 [TCP segment of a reassembled PDU]"
"114","82.588024","119.28.137.58","172.16.78.94","TCP","1282","80  >  49158 [PSH, ACK] Seq=85961 Ack=107 Win=64240 Len=1228 [TCP segment of a reassembled PDU]"
"115","82.588040","119.28.137.58","172.16.78.94","TCP","1282","80  >  49158 [PSH, ACK] Seq=87189 Ack=107 Win=64240 Len=1228 [TCP segment of a reassembled PDU]"
"116","82.588043","119.28.137.58","172.16.78.94","TCP","1282","80  >  49158 [PSH, ACK] Seq=88417 Ack=107 Win=64240 Len=1228 [TCP segment of a reassembled PDU]"
"117","82.588220","119.28.137.58","172.16.78.94","TCP","1282","80  >  49158 [PSH, ACK] Seq=89645 Ack=107 Win=64240 Len=1228 [TCP segment of a reassembled PDU]"
"118","82.588227","172.16.78.94","119.28.137.58","TCP","60","49158  >  80 [ACK] Seq=107 Ack=89645 Win=64240 Len=0"
"119","82.589037","119.28.137.58","172.16.78.94","TCP","1282","80  >  49158 [PSH, ACK] Seq=90873 Ack=107 Win=64240 Len=1228 [TCP segment of a reassembled PDU]"
"120","82.589168","172.16.78.94","119.28.137.58","TCP","60","49158  >  80 [ACK] Seq=107 Ack=92101 Win=64240 Len=0"
"121","82.589445","119.28.137.58","172.16.78.94","TCP","1514","80  >  49158 [ACK] Seq=92101 Ack=107 Win=64240 Len=1460 [TCP segment of a reassembled PDU]"
"122","82.589453","119.28.137.58","172.16.78.94","TCP","1514","80  >  49158 [ACK] Seq=93561 Ack=107 Win=64240 Len=1460 [TCP segment of a reassembled PDU]"
"123","82.589455","119.28.137.58","172.16.78.94","TCP","1514","80  >  49158 [ACK] Seq=95021 Ack=107 Win=64240 Len=1460 [TCP segment of a reassembled PDU]"
"124","82.589457","119.28.137.58","172.16.78.94","TCP","586","80  >  49158 [PSH, ACK] Seq=96481 Ack=107 Win=64240 Len=532 [TCP segment of a reassembled PDU]"
"125","82.589658","172.16.78.94","119.28.137.58","TCP","60","49158  >  80 [ACK] Seq=107 Ack=97013 Win=64240 Len=0"
"126","82.590401","119.28.137.58","172.16.78.94","TCP","1282","80  >  49158 [PSH, ACK] Seq=97013 Ack=107 Win=64240 Len=1228 [TCP segment of a reassembled PDU]"
"127","82.590700","119.28.137.58","172.16.78.94","TCP","1514","80  >  49158 [ACK] Seq=98241 Ack=107 Win=64240 Len=1460 [TCP segment of a reassembled PDU]"
"128","82.590707","119.28.137.58","172.16.78.94","TCP","1514","80  >  49158 [ACK] Seq=99701 Ack=107 Win=64240 Len=1460 [TCP segment of a reassembled PDU]"
"129","82.590708","119.28.137.58","172.16.78.94","TCP","1514","80  >  49158 [ACK] Seq=101161 Ack=107 Win=64240 Len=1460 [TCP segment of a reassembled PDU]"
"130","82.590710","119.28.137.58","172.16.78.94","TCP","1514","80  >  49158 [ACK] Seq=102621 Ack=107 Win=64240 Len=1460 [TCP segment of a reassembled PDU]"
"131","82.590712","119.28.137.58","172.16.78.94","TCP","1514","80  >  49158 [ACK] Seq=104081 Ack=107 Win=64240 Len=1460 [TCP segment of a reassembled PDU]"
"132","82.590713","119.28.137.58","172.16.78.94","TCP","1514","80  >  49158 [ACK] Seq=105541 Ack=107 Win=64240 Len=1460 [TCP segment of a reassembled PDU]"
"133","82.590714","119.28.137.58","172.16.78.94","TCP","1514","80  >  49158 [ACK] Seq=107001 Ack=107 Win=64240 Len=1460 [TCP segment of a reassembled PDU]"
"134","82.590919","172.16.78.94","119.28.137.58","TCP","60","[TCP ACKed unseen segment] 49158  >  80 [ACK] Seq=107 Ack=121573 Win=61948 Len=0"
"135","82.591012","172.16.78.94","119.28.137.58","TCP","60","[TCP Window Update] [TCP ACKed unseen segment] 49158  >  80 [ACK] Seq=107 Ack=121573 Win=64240 Len=0"
"136","82.591212","119.28.137.58","172.16.78.94","TCP","1282","[TCP Previous segment not captured] 80  >  49158 [PSH, ACK] Seq=121573 Ack=107 Win=64240 Len=1228 [TCP segment of a reassembled PDU]"
"137","82.591342","119.28.137.58","172.16.78.94","TCP","1514","80  >  49158 [ACK] Seq=122801 Ack=107 Win=64240 Len=1460 [TCP segment of a reassembled PDU]"
"138","82.591347","119.28.137.58","172.16.78.94","TCP","1514","80  >  49158 [ACK] Seq=124261 Ack=107 Win=64240 Len=1460 [TCP segment of a reassembled PDU]"
"139","82.591349","119.28.137.58","172.16.78.94","TCP","1514","80  >  49158 [ACK] Seq=125721 Ack=107 Win=64240 Len=1460 [TCP segment of a reassembled PDU]"
"140","82.591350","119.28.137.58","172.16.78.94","TCP","1514","80  >  49158 [ACK] Seq=127181 Ack=107 Win=64240 Len=1460 [TCP segment of a reassembled PDU]"
"141","82.591352","119.28.137.58","172.16.78.94","TCP","1514","80  >  49158 [ACK] Seq=128641 Ack=107 Win=64240 Len=1460 [TCP segment of a reassembled PDU]"
"142","82.591355","119.28.137.58","172.16.78.94","TCP","122","80  >  49158 [PSH, ACK] Seq=130101 Ack=107 Win=64240 Len=68 [TCP segment of a reassembled PDU]"
"143","82.591451","172.16.78.94","119.28.137.58","TCP","60","[TCP ACKed unseen segment] 49158  >  80 [ACK] Seq=107 Ack=130169 Win=64240 Len=0"
"144","82.690046","119.28.137.58","172.16.78.94","TCP","1282","80  >  49158 [PSH, ACK] Seq=130169 Ack=107 Win=64240 Len=1228 [TCP segment of a reassembled PDU]"
"145","82.690229","119.28.137.58","172.16.78.94","TCP","1282","80  >  49158 [PSH, ACK] Seq=131397 Ack=107 Win=64240 Len=1228 [TCP segment of a reassembled PDU]"
"146","82.690346","172.16.78.94","119.28.137.58","TCP","60","49158  >  80 [ACK] Seq=107 Ack=132625 Win=64240 Len=0"
"147","82.980548","119.28.137.58","172.16.78.94","TCP","1514","80  >  49158 [ACK] Seq=132625 Ack=107 Win=64240 Len=1460 [TCP segment of a reassembled PDU]"
"148","82.980577","119.28.137.58","172.16.78.94","TCP","1050","80  >  49158 [PSH, ACK] Seq=134085 Ack=107 Win=64240 Len=996 [TCP segment of a reassembled PDU]"
"149","82.981071","172.16.78.94","119.28.137.58","TCP","60","49158  >  80 [ACK] Seq=107 Ack=135081 Win=64240 Len=0"
"150","82.981157","119.28.137.58","172.16.78.94","TCP","1514","80  >  49158 [ACK] Seq=135081 Ack=107 Win=64240 Len=1460 [TCP segment of a reassembled PDU]"
"151","82.981166","119.28.137.58","172.16.78.94","TCP","1050","80  >  49158 [PSH, ACK] Seq=136541 Ack=107 Win=64240 Len=996 [TCP segment of a reassembled PDU]"
"152","82.981169","119.28.137.58","172.16.78.94","TCP","1514","80  >  49158 [ACK] Seq=137537 Ack=107 Win=64240 Len=1460 [TCP segment of a reassembled PDU]"
"153","82.981171","119.28.137.58","172.16.78.94","TCP","1050","80  >  49158 [PSH, ACK] Seq=138997 Ack=107 Win=64240 Len=996 [TCP segment of a reassembled PDU]"
"154","82.981173","119.28.137.58","172.16.78.94","TCP","1514","80  >  49158 [ACK] Seq=139993 Ack=107 Win=64240 Len=1460 [TCP segment of a reassembled PDU]"
"155","82.981177","119.28.137.58","172.16.78.94","TCP","1050","80  >  49158 [PSH, ACK] Seq=141453 Ack=107 Win=64240 Len=996 [TCP segment of a reassembled PDU]"
"156","82.981704","119.28.137.58","172.16.78.94","TCP","1514","[TCP Previous segment not captured] 80  >  49158 [ACK] Seq=151045 Ack=107 Win=64240 Len=1460 [TCP segment of a reassembled PDU]"
"157","82.981714","119.28.137.58","172.16.78.94","TCP","1514","80  >  49158 [ACK] Seq=152505 Ack=107 Win=64240 Len=1460 [TCP segment of a reassembled PDU]"
"158","82.981716","119.28.137.58","172.16.78.94","TCP","1514","80  >  49158 [ACK] Seq=153965 Ack=107 Win=64240 Len=1460 [TCP segment of a reassembled PDU]"
"159","82.981717","119.28.137.58","172.16.78.94","TCP","1514","80  >  49158 [ACK] Seq=155425 Ack=107 Win=64240 Len=1460 [TCP segment of a reassembled PDU]"
"160","82.981720","172.16.78.94","119.28.137.58","TCP","60","[TCP ACKed unseen segment] 49158  >  80 [ACK] Seq=107 Ack=151045 Win=59560 Len=0"
"161","82.981722","119.28.137.58","172.16.78.94","TCP","1514","80  >  49158 [ACK] Seq=156885 Ack=107 Win=64240 Len=1460 [TCP segment of a reassembled PDU]"
"162","82.981723","119.28.137.58","172.16.78.94","TCP","1514","80  >  49158 [ACK] Seq=158345 Ack=107 Win=64240 Len=1460 [TCP segment of a reassembled PDU]"
"163","82.982019","172.16.78.94","119.28.137.58","TCP","60","[TCP ACKed unseen segment] 49158  >  80 [ACK] Seq=107 Ack=163846 Win=64240 Len=0"
"164","83.161063","119.28.137.58","172.16.78.94","TCP","1282","[TCP Previous segment not captured] 80  >  49158 [PSH, ACK] Seq=163846 Ack=107 Win=64240 Len=1228 [TCP segment of a reassembled PDU]"
"165","83.161081","119.28.137.58","172.16.78.94","TCP","1282","80  >  49158 [PSH, ACK] Seq=165074 Ack=107 Win=64240 Len=1228 [TCP segment of a reassembled PDU]"
"166","83.161387","119.28.137.58","172.16.78.94","TCP","1514","80  >  49158 [ACK] Seq=166302 Ack=107 Win=64240 Len=1460 [TCP segment of a reassembled PDU]"
"167","83.161393","119.28.137.58","172.16.78.94","TCP","1050","80  >  49158 [PSH, ACK] Seq=167762 Ack=107 Win=64240 Len=996 [TCP segment of a reassembled PDU]"
"168","83.161395","119.28.137.58","172.16.78.94","TCP","1514","80  >  49158 [ACK] Seq=168758 Ack=107 Win=64240 Len=1460 [TCP segment of a reassembled PDU]"
"169","83.161397","119.28.137.58","172.16.78.94","TCP","1050","80  >  49158 [PSH, ACK] Seq=170218 Ack=107 Win=64240 Len=996 [TCP segment of a reassembled PDU]"
"170","83.161402","172.16.78.94","119.28.137.58","TCP","60","[TCP ACKed unseen segment] 49158  >  80 [ACK] Seq=107 Ack=166302 Win=64240 Len=0"
"171","83.161727","172.16.78.94","119.28.137.58","TCP","60","49158  >  80 [ACK] Seq=107 Ack=171214 Win=64240 Len=0"
"172","83.162390","119.28.137.58","172.16.78.94","TCP","1514","80  >  49158 [ACK] Seq=171214 Ack=107 Win=64240 Len=1460 [TCP segment of a reassembled PDU]"
"173","83.162401","119.28.137.58","172.16.78.94","TCP","1050","80  >  49158 [PSH, ACK] Seq=172674 Ack=107 Win=64240 Len=996 [TCP segment of a reassembled PDU]"
"174","83.162404","119.28.137.58","172.16.78.94","TCP","1514","80  >  49158 [ACK] Seq=173670 Ack=107 Win=64240 Len=1460 [TCP segment of a reassembled PDU]"
"175","83.162407","119.28.137.58","172.16.78.94","TCP","1050","80  >  49158 [PSH, ACK] Seq=175130 Ack=107 Win=64240 Len=996 [TCP segment of a reassembled PDU]"
"176","83.162409","119.28.137.58","172.16.78.94","TCP","1514","80  >  49158 [ACK] Seq=176126 Ack=107 Win=64240 Len=1460 [TCP segment of a reassembled PDU]"
"177","83.162412","119.28.137.58","172.16.78.94","TCP","1514","80  >  49158 [ACK] Seq=177586 Ack=107 Win=64240 Len=1460 [TCP segment of a reassembled PDU]"
"178","83.162415","119.28.137.58","172.16.78.94","TCP","1514","80  >  49158 [ACK] Seq=179046 Ack=107 Win=64240 Len=1460 [TCP segment of a reassembled PDU]"
"179","83.162743","172.16.78.94","119.28.137.58","TCP","60","[TCP ACKed unseen segment] 49158  >  80 [ACK] Seq=107 Ack=183494 Win=64240 Len=0"
"180","83.303088","119.28.137.58","172.16.78.94","TCP","1282","[TCP Previous segment not captured] 80  >  49158 [PSH, ACK] Seq=183494 Ack=107 Win=64240 Len=1228 [TCP segment of a reassembled PDU]"
"181","83.303251","119.28.137.58","172.16.78.94","TCP","1514","80  >  49158 [ACK] Seq=184722 Ack=107 Win=64240 Len=1460 [TCP segment of a reassembled PDU]"
"182","83.303257","119.28.137.58","172.16.78.94","TCP","1050","80  >  49158 [PSH, ACK] Seq=186182 Ack=107 Win=64240 Len=996 [TCP segment of a reassembled PDU]"
"183","83.303404","172.16.78.94","119.28.137.58","TCP","60","[TCP ACKed unseen segment] 49158  >  80 [ACK] Seq=107 Ack=187178 Win=64240 Len=0"
"184","83.304234","119.28.137.58","172.16.78.94","TCP","1514","80  >  49158 [ACK] Seq=187178 Ack=107 Win=64240 Len=1460 [TCP segment of a reassembled PDU]"
"185","83.304241","119.28.137.58","172.16.78.94","TCP","1050","80  >  49158 [PSH, ACK] Seq=188638 Ack=107 Win=64240 Len=996 [TCP segment of a reassembled PDU]"
"186","83.304244","119.28.137.58","172.16.78.94","TCP","1514","80  >  49158 [ACK] Seq=189634 Ack=107 Win=64240 Len=1460 [TCP segment of a reassembled PDU]"
"187","83.304246","119.28.137.58","172.16.78.94","TCP","1050","80  >  49158 [PSH, ACK] Seq=191094 Ack=107 Win=64240 Len=996 [TCP segment of a reassembled PDU]"
"188","83.304248","119.28.137.58","172.16.78.94","TCP","1514","80  >  49158 [ACK] Seq=192090 Ack=107 Win=64240 Len=1460 [TCP segment of a reassembled PDU]"
"189","83.304250","119.28.137.58","172.16.78.94","TCP","1050","80  >  49158 [PSH, ACK] Seq=193550 Ack=107 Win=64240 Len=996 [TCP segment of a reassembled PDU]"
"190","83.304476","119.28.137.58","172.16.78.94","TCP","1514","80  >  49158 [ACK] Seq=194546 Ack=107 Win=64240 Len=1460 [TCP segment of a reassembled PDU]"
"191","83.304663","119.28.137.58","172.16.78.94","TCP","1514","[TCP Previous segment not captured] 80  >  49158 [ACK] Seq=203142 Ack=107 Win=64240 Len=1460 [TCP segment of a reassembled PDU]"
"192","83.304668","119.28.137.58","172.16.78.94","TCP","1514","80  >  49158 [ACK] Seq=204602 Ack=107 Win=64240 Len=1460 [TCP segment of a reassembled PDU]"
"193","83.304671","172.16.78.94","119.28.137.58","TCP","60","[TCP ACKed unseen segment] 49158  >  80 [ACK] Seq=107 Ack=203142 Win=64240 Len=0"
"194","83.304673","119.28.137.58","172.16.78.94","TCP","1514","80  >  49158 [ACK] Seq=206062 Ack=107 Win=64240 Len=1460 [TCP segment of a reassembled PDU]"
"195","83.304674","119.28.137.58","172.16.78.94","TCP","1514","80  >  49158 [ACK] Seq=207522 Ack=107 Win=64240 Len=1460 [TCP segment of a reassembled PDU]"
"196","83.304676","119.28.137.58","172.16.78.94","TCP","1514","80  >  49158 [ACK] Seq=208982 Ack=107 Win=64240 Len=1460 [TCP segment of a reassembled PDU]"
"197","83.304677","119.28.137.58","172.16.78.94","TCP","1350","80  >  49158 [PSH, ACK] Seq=210442 Ack=107 Win=64240 Len=1296 [TCP segment of a reassembled PDU]"
"198","83.304806","172.16.78.94","119.28.137.58","TCP","60","49158  >  80 [ACK] Seq=107 Ack=211738 Win=64240 Len=0"
"199","83.304810","119.28.137.58","172.16.78.94","TCP","1514","80  >  49158 [ACK] Seq=211738 Ack=107 Win=64240 Len=1460 [TCP segment of a reassembled PDU]"
"200","83.304811","119.28.137.58","172.16.78.94","TCP","1514","80  >  49158 [ACK] Seq=213198 Ack=107 Win=64240 Len=1460 [TCP segment of a reassembled PDU]"
"201","83.304812","119.28.137.58","172.16.78.94","TCP","1514","80  >  49158 [ACK] Seq=214658 Ack=107 Win=64240 Len=1460 [TCP segment of a reassembled PDU]"
"202","83.304814","119.28.137.58","172.16.78.94","TCP","1514","80  >  49158 [ACK] Seq=216118 Ack=107 Win=64240 Len=1460 [TCP segment of a reassembled PDU]"
"203","83.304815","119.28.137.58","172.16.78.94","TCP","354","80  >  49158 [PSH, ACK] Seq=217578 Ack=107 Win=64240 Len=300 [TCP segment of a reassembled PDU]"
"204","83.304938","172.16.78.94","119.28.137.58","TCP","60","49158  >  80 [ACK] Seq=107 Ack=217878 Win=64240 Len=0"
"205","83.482614","119.28.137.58","172.16.78.94","TCP","1514","80  >  49158 [ACK] Seq=217878 Ack=107 Win=64240 Len=1460 [TCP segment of a reassembled PDU]"
"206","83.482639","119.28.137.58","172.16.78.94","TCP","1050","80  >  49158 [PSH, ACK] Seq=219338 Ack=107 Win=64240 Len=996 [TCP segment of a reassembled PDU]"
"207","83.482859","172.16.78.94","119.28.137.58","TCP","60","49158  >  80 [ACK] Seq=107 Ack=220334 Win=64240 Len=0"
"208","83.482866","119.28.137.58","172.16.78.94","TCP","1514","80  >  49158 [ACK] Seq=220334 Ack=107 Win=64240 Len=1460 [TCP segment of a reassembled PDU]"
"209","83.482870","119.28.137.58","172.16.78.94","TCP","1050","80  >  49158 [PSH, ACK] Seq=221794 Ack=107 Win=64240 Len=996 [TCP segment of a reassembled PDU]"
"210","83.482926","119.28.137.58","172.16.78.94","TCP","1514","80  >  49158 [ACK] Seq=222790 Ack=107 Win=64240 Len=1460 [TCP segment of a reassembled PDU]"
"211","83.482929","119.28.137.58","172.16.78.94","TCP","1050","80  >  49158 [PSH, ACK] Seq=224250 Ack=107 Win=64240 Len=996 [TCP segment of a reassembled PDU]"
"212","83.483121","172.16.78.94","119.28.137.58","TCP","60","49158  >  80 [ACK] Seq=107 Ack=225246 Win=64240 Len=0"
"213","83.484173","119.28.137.58","172.16.78.94","TCP","1282","80  >  49158 [PSH, ACK] Seq=225246 Ack=107 Win=64240 Len=1228 [TCP segment of a reassembled PDU]"
"214","83.484753","119.28.137.58","172.16.78.94","TCP","1282","80  >  49158 [PSH, ACK] Seq=226474 Ack=107 Win=64240 Len=1228 [TCP segment of a reassembled PDU]"
"215","83.484760","119.28.137.58","172.16.78.94","TCP","1514","80  >  49158 [ACK] Seq=227702 Ack=107 Win=64240 Len=1460 [TCP segment of a reassembled PDU]"
"216","83.484762","119.28.137.58","172.16.78.94","TCP","274","80  >  49158 [PSH, ACK] Seq=229162 Ack=107 Win=64240 Len=220 [TCP segment of a reassembled PDU]"
"217","83.484849","172.16.78.94","119.28.137.58","TCP","60","49158  >  80 [ACK] Seq=107 Ack=229382 Win=64240 Len=0"
"218","83.606844","119.28.137.58","172.16.78.94","TCP","1514","80  >  49158 [ACK] Seq=229382 Ack=107 Win=64240 Len=1460 [TCP segment of a reassembled PDU]"
"219","83.606863","119.28.137.58","172.16.78.94","TCP","1050","80  >  49158 [PSH, ACK] Seq=230842 Ack=107 Win=64240 Len=996 [TCP segment of a reassembled PDU]"
"220","83.607097","172.16.78.94","119.28.137.58","TCP","60","49158  >  80 [ACK] Seq=107 Ack=231838 Win=64240 Len=0"
"221","83.608004","119.28.137.58","172.16.78.94","TCP","1514","80  >  49158 [ACK] Seq=231838 Ack=107 Win=64240 Len=1460 [TCP segment of a reassembled PDU]"
"222","83.608012","119.28.137.58","172.16.78.94","TCP","1050","80  >  49158 [PSH, ACK] Seq=233298 Ack=107 Win=64240 Len=996 [TCP segment of a reassembled PDU]"
"223","83.608014","119.28.137.58","172.16.78.94","TCP","1514","80  >  49158 [ACK] Seq=234294 Ack=107 Win=64240 Len=1460 [TCP segment of a reassembled PDU]"
"224","83.608016","119.28.137.58","172.16.78.94","TCP","1050","80  >  49158 [PSH, ACK] Seq=235754 Ack=107 Win=64240 Len=996 [TCP segment of a reassembled PDU]"
"225","83.608018","119.28.137.58","172.16.78.94","TCP","1282","80  >  49158 [PSH, ACK] Seq=236750 Ack=107 Win=64240 Len=1228 [TCP segment of a reassembled PDU]"
"226","83.608150","172.16.78.94","119.28.137.58","TCP","60","49158  >  80 [ACK] Seq=107 Ack=237978 Win=64240 Len=0"
"227","83.625189","119.28.137.58","172.16.78.94","TCP","1282","80  >  49158 [PSH, ACK] Seq=237978 Ack=107 Win=64240 Len=1228 [TCP segment of a reassembled PDU]"
"228","83.625206","119.28.137.58","172.16.78.94","TCP","1282","80  >  49158 [PSH, ACK] Seq=239206 Ack=107 Win=64240 Len=1228 [TCP segment of a reassembled PDU]"
"229","83.625399","172.16.78.94","119.28.137.58","TCP","60","49158  >  80 [ACK] Seq=107 Ack=240434 Win=64240 Len=0"
"230","83.626297","119.28.137.58","172.16.78.94","TCP","1514","80  >  49158 [ACK] Seq=240434 Ack=107 Win=64240 Len=1460 [TCP segment of a reassembled PDU]"
"231","83.626314","119.28.137.58","172.16.78.94","TCP","1050","80  >  49158 [PSH, ACK] Seq=241894 Ack=107 Win=64240 Len=996 [TCP segment of a reassembled PDU]"
"232","83.626590","172.16.78.94","119.28.137.58","TCP","60","49158  >  80 [ACK] Seq=107 Ack=242890 Win=64240 Len=0"
"233","83.626598","119.28.137.58","172.16.78.94","TCP","1282","80  >  49158 [PSH, ACK] Seq=242890 Ack=107 Win=64240 Len=1228 [TCP segment of a reassembled PDU]"
"234","83.627122","119.28.137.58","172.16.78.94","TCP","1282","80  >  49158 [PSH, ACK] Seq=244118 Ack=107 Win=64240 Len=1228 [TCP segment of a reassembled PDU]"
"235","83.627266","172.16.78.94","119.28.137.58","TCP","60","49158  >  80 [ACK] Seq=107 Ack=245346 Win=64240 Len=0"
"236","83.627347","119.28.137.58","172.16.78.94","TCP","1514","80  >  49158 [ACK] Seq=245346 Ack=107 Win=64240 Len=1460 [TCP segment of a reassembled PDU]"
"237","83.627353","119.28.137.58","172.16.78.94","TCP","1050","80  >  49158 [PSH, ACK] Seq=246806 Ack=107 Win=64240 Len=996 [TCP segment of a reassembled PDU]"
"238","83.627414","119.28.137.58","172.16.78.94","TCP","1514","80  >  49158 [ACK] Seq=247802 Ack=107 Win=64240 Len=1460 [TCP segment of a reassembled PDU]"
"239","83.627418","119.28.137.58","172.16.78.94","TCP","1050","80  >  49158 [PSH, ACK] Seq=249262 Ack=107 Win=64240 Len=996 [TCP segment of a reassembled PDU]"
"240","83.627513","119.28.137.58","172.16.78.94","TCP","1282","80  >  49158 [PSH, ACK] Seq=250258 Ack=107 Win=64240 Len=1228 [TCP segment of a reassembled PDU]"
"241","83.627622","172.16.78.94","119.28.137.58","TCP","60","49158  >  80 [ACK] Seq=107 Ack=250258 Win=64240 Len=0"
"242","83.628561","119.28.137.58","172.16.78.94","TCP","1514","80  >  49158 [ACK] Seq=251486 Ack=107 Win=64240 Len=1460 [TCP segment of a reassembled PDU]"
"243","83.628573","119.28.137.58","172.16.78.94","TCP","1514","80  >  49158 [ACK] Seq=252946 Ack=107 Win=64240 Len=1460 [TCP segment of a reassembled PDU]"
"244","83.628576","119.28.137.58","172.16.78.94","TCP","1514","80  >  49158 [ACK] Seq=254406 Ack=107 Win=64240 Len=1460 [TCP segment of a reassembled PDU]"
"245","83.628579","119.28.137.58","172.16.78.94","TCP","1514","80  >  49158 [ACK] Seq=255866 Ack=107 Win=64240 Len=1460 [TCP segment of a reassembled PDU]"
"246","83.628582","119.28.137.58","172.16.78.94","TCP","1514","80  >  49158 [ACK] Seq=257326 Ack=107 Win=64240 Len=1460 [TCP segment of a reassembled PDU]"
"247","83.628584","119.28.137.58","172.16.78.94","TCP","1350","80  >  49158 [PSH, ACK] Seq=258786 Ack=107 Win=64240 Len=1296 [TCP segment of a reassembled PDU]"
"248","83.628586","119.28.137.58","172.16.78.94","TCP","1282","80  >  49158 [PSH, ACK] Seq=260082 Ack=107 Win=64240 Len=1228 [TCP segment of a reassembled PDU]"
"249","83.806210","119.28.137.58","172.16.78.94","TCP","894","80  >  49158 [PSH, ACK] Seq=261310 Ack=107 Win=64240 Len=840 [TCP segment of a reassembled PDU]"
"250","83.910726","119.28.137.58","172.16.78.94","TCP","894","[TCP Retransmission] 80  >  49158 [PSH, ACK] Seq=261310 Ack=107 Win=64240 Len=840"
"251","83.910853","172.16.78.94","119.28.137.58","TCP","60","49158  >  80 [ACK] Seq=107 Ack=262150 Win=63400 Len=0"
"252","84.040041","51.254.164.50","172.16.78.94","TCP","597","[TCP Retransmission] 443  >  49348 [PSH, ACK] Seq=1 Ack=1 Win=64240 Len=543"
"253","84.312071","119.28.137.58","172.16.78.94","TCP","1282","80  >  49158 [PSH, ACK] Seq=262150 Ack=107 Win=64240 Len=1228 [TCP segment of a reassembled PDU]"
"254","84.312559","119.28.137.58","172.16.78.94","TCP","1282","80  >  49158 [PSH, ACK] Seq=263378 Ack=107 Win=64240 Len=1228 [TCP segment of a reassembled PDU]"
"255","84.312566","119.28.137.58","172.16.78.94","TCP","1514","80  >  49158 [ACK] Seq=264606 Ack=107 Win=64240 Len=1460 [TCP segment of a reassembled PDU]"
"256","84.312604","119.28.137.58","172.16.78.94","TCP","1514","80  >  49158 [ACK] Seq=266066 Ack=107 Win=64240 Len=1460 [TCP segment of a reassembled PDU]"
"257","84.312610","119.28.137.58","172.16.78.94","TCP","818","80  >  49158 [PSH, ACK] Seq=267526 Ack=107 Win=64240 Len=764 [TCP segment of a reassembled PDU]"
"258","84.312614","172.16.78.94","119.28.137.58","TCP","60","49158  >  80 [ACK] Seq=107 Ack=264606 Win=64240 Len=0"
"259","84.312827","172.16.78.94","119.28.137.58","TCP","60","49158  >  80 [ACK] Seq=107 Ack=268290 Win=64240 Len=0"
"260","84.312843","119.28.137.58","172.16.78.94","TCP","1514","80  >  49158 [ACK] Seq=268290 Ack=107 Win=64240 Len=1460 [TCP segment of a reassembled PDU]"
"261","84.312845","119.28.137.58","172.16.78.94","TCP","1514","80  >  49158 [ACK] Seq=269750 Ack=107 Win=64240 Len=1460 [TCP segment of a reassembled PDU]"
"262","84.312848","119.28.137.58","172.16.78.94","TCP","1514","80  >  49158 [ACK] Seq=271210 Ack=107 Win=64240 Len=1460 [TCP segment of a reassembled PDU]"
"263","84.312850","119.28.137.58","172.16.78.94","TCP","1514","80  >  49158 [ACK] Seq=272670 Ack=107 Win=64240 Len=1460 [TCP segment of a reassembled PDU]"
"264","84.312852","119.28.137.58","172.16.78.94","TCP","1514","80  >  49158 [ACK] Seq=274130 Ack=107 Win=64240 Len=1460 [TCP segment of a reassembled PDU]"
"265","84.312854","119.28.137.58","172.16.78.94","TCP","1350","80  >  49158 [PSH, ACK] Seq=275590 Ack=107 Win=64240 Len=1296 [TCP segment of a reassembled PDU]"
"266","84.313045","119.28.137.58","172.16.78.94","TCP","1514","80  >  49158 [ACK] Seq=276886 Ack=107 Win=64240 Len=1460 [TCP segment of a reassembled PDU]"
"267","84.313055","119.28.137.58","172.16.78.94","TCP","1514","80  >  49158 [ACK] Seq=278346 Ack=107 Win=64240 Len=1460 [TCP segment of a reassembled PDU]"
"268","84.313058","119.28.137.58","172.16.78.94","TCP","1514","80  >  49158 [ACK] Seq=279806 Ack=107 Win=64240 Len=1460 [TCP segment of a reassembled PDU]"
"269","84.313060","119.28.137.58","172.16.78.94","TCP","586","80  >  49158 [PSH, ACK] Seq=281266 Ack=107 Win=64240 Len=532 [TCP segment of a reassembled PDU]"
"270","84.313660","172.16.78.94","119.28.137.58","TCP","60","49158  >  80 [ACK] Seq=107 Ack=276886 Win=64240 Len=0"
"271","84.313673","119.28.137.58","172.16.78.94","TCP","1514","80  >  49158 [ACK] Seq=281798 Ack=107 Win=64240 Len=1460 [TCP segment of a reassembled PDU]"
"272","84.313677","119.28.137.58","172.16.78.94","TCP","1514","80  >  49158 [ACK] Seq=283258 Ack=107 Win=64240 Len=1460 [TCP segment of a reassembled PDU]"
"273","84.313680","119.28.137.58","172.16.78.94","TCP","1514","80  >  49158 [ACK] Seq=284718 Ack=107 Win=64240 Len=1460 [TCP segment of a reassembled PDU]"
"274","84.313683","119.28.137.58","172.16.78.94","TCP","1514","80  >  49158 [ACK] Seq=286178 Ack=107 Win=64240 Len=1460 [TCP segment of a reassembled PDU]"
"275","84.313686","119.28.137.58","172.16.78.94","TCP","1514","80  >  49158 [ACK] Seq=287638 Ack=107 Win=64240 Len=1460 [TCP segment of a reassembled PDU]"
"276","84.313690","119.28.137.58","172.16.78.94","TCP","1350","80  >  49158 [PSH, ACK] Seq=289098 Ack=107 Win=64240 Len=1296 [TCP segment of a reassembled PDU]"
"277","84.314248","119.28.137.58","172.16.78.94","TCP","1514","[TCP Previous segment not captured] 80  >  49158 [ACK] Seq=312498 Ack=107 Win=64240 Len=1460 [TCP segment of a reassembled PDU]"
"278","84.314256","172.16.78.94","119.28.137.58","TCP","60","[TCP ACKed unseen segment] 49158  >  80 [ACK] Seq=107 Ack=312498 Win=64240 Len=0"
"279","84.314258","119.28.137.58","172.16.78.94","TCP","1514","80  >  49158 [ACK] Seq=313958 Ack=107 Win=64240 Len=1460 [TCP segment of a reassembled PDU]"
"280","84.314260","119.28.137.58","172.16.78.94","TCP","1514","80  >  49158 [ACK] Seq=315418 Ack=107 Win=64240 Len=1460 [TCP segment of a reassembled PDU]"
"281","84.314263","119.28.137.58","172.16.78.94","TCP","586","80  >  49158 [PSH, ACK] Seq=316878 Ack=107 Win=64240 Len=532 [TCP segment of a reassembled PDU]"
"282","84.314333","172.16.78.94","119.28.137.58","TCP","60","49158  >  80 [ACK] Seq=107 Ack=317410 Win=64240 Len=0"
"283","84.721674","119.28.137.58","172.16.78.94","TCP","1514","80  >  49158 [ACK] Seq=317410 Ack=107 Win=64240 Len=1460 [TCP segment of a reassembled PDU]"
"284","84.721690","119.28.137.58","172.16.78.94","TCP","1050","80  >  49158 [PSH, ACK] Seq=318870 Ack=107 Win=64240 Len=996 [TCP segment of a reassembled PDU]"
"285","84.721884","119.28.137.58","172.16.78.94","TCP","1514","80  >  49158 [ACK] Seq=319866 Ack=107 Win=64240 Len=1460 [TCP segment of a reassembled PDU]"
"286","84.721892","172.16.78.94","119.28.137.58","TCP","60","49158  >  80 [ACK] Seq=107 Ack=319866 Win=64240 Len=0"
"287","84.721894","119.28.137.58","172.16.78.94","TCP","854","80  >  49158 [PSH, ACK] Seq=321326 Ack=107 Win=64240 Len=800 [TCP segment of a reassembled PDU]"
"288","84.722200","172.16.78.94","119.28.137.58","TCP","60","49158  >  80 [ACK] Seq=107 Ack=322126 Win=64240 Len=0"
"289","84.761820","172.16.78.94","119.28.137.58","TCP","60","49158  >  80 [RST, ACK] Seq=107 Ack=322126 Win=0 Len=0"
"290","91.852046","172.16.78.94","172.16.78.1","NBNS","92","Name query NB WPAD<00>"
"291","91.854209","172.16.78.94","255.255.255.255","DHCP","342","DHCP Inform   - Transaction ID 0xd7053952"
"292","91.854342","172.16.78.254","172.16.78.94","DHCP","342","DHCP ACK      - Transaction ID 0xd7053952"
"293","91.854794","172.16.78.94","172.16.78.1","DNS","78","Standard query 0x6b24 A paolonstruction.cc"
"294","92.860417","172.16.78.94","172.16.78.1","DNS","78","Standard query 0x6b24 A paolonstruction.cc"
"295","93.323956","172.16.78.1","172.16.78.94","DNS","403","Standard query response 0x6b24 A paolonstruction.cc A 134.249.202.251 A 5.138.93.84 A 88.135.238.188 A 176.8.254.153 A 195.72.158.155 A 46.118.59.13 A 79.118.202.151 A 77.122.143.177 A 109.184.189.107 A 109.86.141.107 NS ns4.bigrastle.ru NS ns4.boarnoir.ru NS ns2.bigrastle.ru NS ns3.boarnoir.ru NS ns1.bigrastle.ru NS ns3.bigrastle.ru NS ns2.boarnoir.ru NS ns1.boarnoir.ru"
"296","93.323978","172.16.78.1","172.16.78.94","DNS","403","Standard query response 0x6b24 A paolonstruction.cc A 195.72.158.155 A 109.184.189.107 A 77.122.143.177 A 79.118.202.151 A 46.118.59.13 A 109.86.141.107 A 88.135.238.188 A 134.249.202.251 A 5.138.93.84 A 176.8.254.153 NS ns4.bigrastle.ru NS ns3.boarnoir.ru NS ns1.bigrastle.ru NS ns1.boarnoir.ru NS ns2.bigrastle.ru NS ns3.bigrastle.ru NS ns2.boarnoir.ru NS ns4.boarnoir.ru"
"297","93.333228","172.16.78.94","134.249.202.251","TCP","66","49159  >  80 [SYN] Seq=0 Win=8192 Len=0 MSS=1460 WS=256 SACK_PERM=1"
"298","93.359917","172.16.78.94","172.16.78.1","NBNS","92","Name query NB WPAD<00>"
"299","93.630933","134.249.202.251","172.16.78.94","TCP","60","80  >  49159 [SYN, ACK] Seq=0 Ack=1 Win=64240 Len=0 MSS=1460"
"300","93.631177","172.16.78.94","134.249.202.251","TCP","60","49159  >  80 [ACK] Seq=1 Ack=1 Win=64240 Len=0"
"301","93.631563","172.16.78.94","134.249.202.251","TCP","269","49159  >  80 [PSH, ACK] Seq=1 Ack=1 Win=64240 Len=215 [TCP segment of a reassembled PDU]"
"302","93.631699","172.16.78.94","134.249.202.251","HTTP","1094","POST /neryjn/foots.php HTTP/1.1 "
"303","93.631708","134.249.202.251","172.16.78.94","TCP","60","80  >  49159 [ACK] Seq=1 Ack=216 Win=64240 Len=0"
"304","93.631772","134.249.202.251","172.16.78.94","TCP","60","80  >  49159 [ACK] Seq=1 Ack=1256 Win=64240 Len=0"
"305","94.556052","134.249.202.251","172.16.78.94","HTTP","488","HTTP/1.1 404 Not Found  (text/html)"
"306","94.556072","134.249.202.251","172.16.78.94","TCP","60","80  >  49159 [FIN, PSH, ACK] Seq=435 Ack=1256 Win=64240 Len=0"
"307","94.556191","172.16.78.94","134.249.202.251","TCP","60","49159  >  80 [ACK] Seq=1256 Ack=436 Win=63806 Len=0"
"308","94.556887","172.16.78.94","134.249.202.251","TCP","60","49159  >  80 [FIN, ACK] Seq=1256 Ack=436 Win=63806 Len=0"
"309","94.556979","134.249.202.251","172.16.78.94","TCP","60","80  >  49159 [ACK] Seq=436 Ack=1257 Win=64239 Len=0"
"310","94.558170","172.16.78.94","134.249.202.251","TCP","66","49160  >  80 [SYN] Seq=0 Win=8192 Len=0 MSS=1460 WS=256 SACK_PERM=1"
"311","94.859969","134.249.202.251","172.16.78.94","TCP","60","80  >  49160 [SYN, ACK] Seq=0 Ack=1 Win=64240 Len=0 MSS=1460"
"312","94.860151","172.16.78.94","134.249.202.251","TCP","60","49160  >  80 [ACK] Seq=1 Ack=1 Win=64240 Len=0"
"313","94.860495","172.16.78.94","134.249.202.251","TCP","269","49160  >  80 [PSH, ACK] Seq=1 Ack=1 Win=64240 Len=215 [TCP segment of a reassembled PDU]"
"314","94.860562","172.16.78.94","134.249.202.251","HTTP","1094","POST /neryjn/foots.php HTTP/1.1 "
"315","94.860568","134.249.202.251","172.16.78.94","TCP","60","80  >  49160 [ACK] Seq=1 Ack=216 Win=64240 Len=0"
"316","94.860623","134.249.202.251","172.16.78.94","TCP","60","80  >  49160 [ACK] Seq=1 Ack=1256 Win=64240 Len=0"
"317","94.872665","172.16.78.94","172.16.78.1","NBNS","92","Name query NB WPAD<00>"
"318","95.781179","134.249.202.251","172.16.78.94","HTTP","488","HTTP/1.1 404 Not Found  (text/html)"
"319","95.781328","172.16.78.94","134.249.202.251","TCP","60","49160  >  80 [ACK] Seq=1256 Ack=436 Win=63806 Len=0"
"320","95.781588","172.16.78.94","134.249.202.251","TCP","60","49160  >  80 [FIN, ACK] Seq=1256 Ack=436 Win=63806 Len=0"
"321","95.781645","134.249.202.251","172.16.78.94","TCP","60","80  >  49160 [ACK] Seq=436 Ack=1257 Win=64239 Len=0"
"322","96.417075","172.16.78.94","172.16.78.255","NBNS","92","Name query NB WPAD<00>"
"323","97.181554","172.16.78.94","172.16.78.255","NBNS","92","Name query NB WPAD<00>"
"324","97.945655","172.16.78.94","172.16.78.255","NBNS","92","Name query NB WPAD<00>"
"325","100.788984","172.16.78.94","134.249.202.251","TCP","66","49161  >  80 [SYN] Seq=0 Win=8192 Len=0 MSS=1460 WS=256 SACK_PERM=1"
"326","101.106241","134.249.202.251","172.16.78.94","TCP","60","80  >  49161 [SYN, ACK] Seq=0 Ack=1 Win=64240 Len=0 MSS=1460"
"327","101.106494","172.16.78.94","134.249.202.251","TCP","60","49161  >  80 [ACK] Seq=1 Ack=1 Win=64240 Len=0"
"328","101.106787","172.16.78.94","134.249.202.251","TCP","269","49161  >  80 [PSH, ACK] Seq=1 Ack=1 Win=64240 Len=215 [TCP segment of a reassembled PDU]"
"329","101.106900","172.16.78.94","134.249.202.251","HTTP","1094","POST /neryjn/foots.php HTTP/1.1 "
"330","101.106907","134.249.202.251","172.16.78.94","TCP","60","80  >  49161 [ACK] Seq=1 Ack=216 Win=64240 Len=0"
"331","101.106908","134.249.202.251","172.16.78.94","TCP","60","80  >  49161 [ACK] Seq=1 Ack=1256 Win=64240 Len=0"
"332","101.925591","134.249.202.251","172.16.78.94","HTTP","488","HTTP/1.1 404 Not Found  (text/html)"
"333","101.925778","172.16.78.94","134.249.202.251","TCP","60","49161  >  80 [ACK] Seq=1256 Ack=435 Win=63806 Len=0"
"334","101.925871","134.249.202.251","172.16.78.94","TCP","60","80  >  49161 [FIN, PSH, ACK] Seq=435 Ack=1256 Win=64240 Len=0"
"335","101.925943","172.16.78.94","134.249.202.251","TCP","60","49161  >  80 [FIN, ACK] Seq=1256 Ack=435 Win=63806 Len=0"
"336","101.926045","134.249.202.251","172.16.78.94","TCP","60","80  >  49161 [ACK] Seq=436 Ack=1257 Win=64239 Len=0"
"337","101.926051","172.16.78.94","134.249.202.251","TCP","60","49161  >  80 [ACK] Seq=1257 Ack=436 Win=63806 Len=0"
"338","101.927276","172.16.78.94","134.249.202.251","TCP","66","49162  >  80 [SYN] Seq=0 Win=8192 Len=0 MSS=1460 WS=256 SACK_PERM=1"
"339","102.232345","134.249.202.251","172.16.78.94","TCP","60","80  >  49162 [SYN, ACK] Seq=0 Ack=1 Win=64240 Len=0 MSS=1460"
"340","102.232473","172.16.78.94","134.249.202.251","TCP","60","49162  >  80 [ACK] Seq=1 Ack=1 Win=64240 Len=0"
"341","102.232647","172.16.78.94","134.249.202.251","TCP","269","49162  >  80 [PSH, ACK] Seq=1 Ack=1 Win=64240 Len=215 [TCP segment of a reassembled PDU]"
"342","102.232763","172.16.78.94","134.249.202.251","HTTP","1094","POST /neryjn/foots.php HTTP/1.1 "
"343","102.232772","134.249.202.251","172.16.78.94","TCP","60","80  >  49162 [ACK] Seq=1 Ack=216 Win=64240 Len=0"
"344","102.232773","134.249.202.251","172.16.78.94","TCP","60","80  >  49162 [ACK] Seq=1 Ack=1256 Win=64240 Len=0"
"345","103.153932","134.249.202.251","172.16.78.94","HTTP","488","HTTP/1.1 404 Not Found  (text/html)"
"346","103.154040","172.16.78.94","134.249.202.251","TCP","60","49162  >  80 [ACK] Seq=1256 Ack=435 Win=63806 Len=0"
"347","103.154189","172.16.78.94","134.249.202.251","TCP","60","49162  >  80 [FIN, ACK] Seq=1256 Ack=435 Win=63806 Len=0"
"348","103.154377","134.249.202.251","172.16.78.94","TCP","60","80  >  49162 [FIN, PSH, ACK] Seq=435 Ack=1257 Win=64239 Len=0"
"349","103.154546","172.16.78.94","134.249.202.251","TCP","60","49162  >  80 [ACK] Seq=1257 Ack=436 Win=63806 Len=0"
"350","108.158610","172.16.78.94","134.249.202.251","TCP","66","49163  >  80 [SYN] Seq=0 Win=8192 Len=0 MSS=1460 WS=256 SACK_PERM=1"
"351","108.435240","134.249.202.251","172.16.78.94","TCP","60","80  >  49163 [SYN, ACK] Seq=0 Ack=1 Win=64240 Len=0 MSS=1460"
"352","108.435367","172.16.78.94","134.249.202.251","TCP","60","49163  >  80 [ACK] Seq=1 Ack=1 Win=64240 Len=0"
"353","108.435555","172.16.78.94","134.249.202.251","TCP","269","49163  >  80 [PSH, ACK] Seq=1 Ack=1 Win=64240 Len=215 [TCP segment of a reassembled PDU]"
"354","108.435689","134.249.202.251","172.16.78.94","TCP","60","80  >  49163 [ACK] Seq=1 Ack=216 Win=64240 Len=0"
"355","108.435692","172.16.78.94","134.249.202.251","HTTP","1094","POST /neryjn/foots.php HTTP/1.1 "
"356","108.435694","134.249.202.251","172.16.78.94","TCP","60","80  >  49163 [ACK] Seq=1 Ack=1256 Win=64240 Len=0"
"357","109.182707","134.249.202.251","172.16.78.94","HTTP","458","HTTP/1.1 403 Forbidden  (text/html)"
"358","109.182726","134.249.202.251","172.16.78.94","TCP","60","80  >  49163 [FIN, PSH, ACK] Seq=405 Ack=1256 Win=64240 Len=0"
"359","109.182911","172.16.78.94","134.249.202.251","TCP","60","49163  >  80 [ACK] Seq=1256 Ack=406 Win=63836 Len=0"
"360","109.183043","172.16.78.94","134.249.202.251","TCP","60","49163  >  80 [FIN, ACK] Seq=1256 Ack=406 Win=63836 Len=0"
"361","109.183049","134.249.202.251","172.16.78.94","TCP","60","80  >  49163 [ACK] Seq=406 Ack=1257 Win=64239 Len=0"
"362","109.183763","172.16.78.94","134.249.202.251","TCP","66","49164  >  80 [SYN] Seq=0 Win=8192 Len=0 MSS=1460 WS=256 SACK_PERM=1"
"363","109.423425","134.249.202.251","172.16.78.94","TCP","60","80  >  49164 [SYN, ACK] Seq=0 Ack=1 Win=64240 Len=0 MSS=1460"
"364","109.423620","172.16.78.94","134.249.202.251","TCP","60","49164  >  80 [ACK] Seq=1 Ack=1 Win=64240 Len=0"
"365","109.423692","172.16.78.94","134.249.202.251","TCP","269","49164  >  80 [PSH, ACK] Seq=1 Ack=1 Win=64240 Len=215 [TCP segment of a reassembled PDU]"
"366","109.423795","172.16.78.94","134.249.202.251","HTTP","1094","POST /neryjn/foots.php HTTP/1.1 "
"367","109.423799","134.249.202.251","172.16.78.94","TCP","60","80  >  49164 [ACK] Seq=1 Ack=216 Win=64240 Len=0"
"368","109.423801","134.249.202.251","172.16.78.94","TCP","60","80  >  49164 [ACK] Seq=1 Ack=1256 Win=64240 Len=0"
"369","110.220119","134.249.202.251","172.16.78.94","HTTP","458","HTTP/1.1 403 Forbidden  (text/html)"
"370","110.220327","172.16.78.94","134.249.202.251","TCP","60","49164  >  80 [ACK] Seq=1256 Ack=406 Win=63836 Len=0"
"371","110.220383","172.16.78.94","134.249.202.251","TCP","60","49164  >  80 [FIN, ACK] Seq=1256 Ack=406 Win=63836 Len=0"
"372","110.220540","134.249.202.251","172.16.78.94","TCP","60","80  >  49164 [ACK] Seq=406 Ack=1257 Win=64239 Len=0"
"373","110.223212","172.16.78.94","172.16.78.1","DNS","80","Standard query 0x2152 A sophisticatiretaj.cc"
"374","110.466148","172.16.78.1","172.16.78.94","DNS","80","Standard query response 0x2152 No such name A sophisticatiretaj.cc"
"375","120.479734","172.16.78.94","172.16.78.1","DNS","84","Standard query 0xb1f6 A sophisticatiretaj.online"
"376","120.619173","172.16.78.1","172.16.78.94","DNS","84","Standard query response 0xb1f6 No such name A sophisticatiretaj.online"
"377","124.016582","172.16.78.94","172.16.78.1","NBNS","110","Refresh NB VOLTRON-PC<20>"
"378","125.529028","172.16.78.94","172.16.78.1","NBNS","110","Refresh NB VOLTRON-PC<20>"
"379","127.040427","172.16.78.94","172.16.78.1","NBNS","110","Refresh NB VOLTRON-PC<20>"
"380","130.677365","172.16.78.94","172.16.78.1","DNS","82","Standard query 0x02cf A sophisticatiretaj.site"
"381","130.816923","172.16.78.1","172.16.78.94","DNS","82","Standard query response 0x02cf No such name A sophisticatiretaj.site"
"382","140.831986","172.16.78.94","172.16.78.1","NBNS","92","Name query NB WPAD<00>"
"383","140.832608","172.16.78.94","172.16.78.1","DNS","81","Standard query 0x88f2 A sophisticatiretaj.net"
"384","141.247695","172.16.78.1","172.16.78.94","DNS","97","Standard query response 0x88f2 A sophisticatiretaj.net A 87.106.18.112"
"385","141.269397","172.16.78.94","87.106.18.112","TCP","66","49165  >  80 [SYN] Seq=0 Win=8192 Len=0 MSS=1460 WS=256 SACK_PERM=1"
"386","141.456418","87.106.18.112","172.16.78.94","TCP","60","80  >  49165 [SYN, ACK] Seq=0 Ack=1 Win=64240 Len=0 MSS=1460"
"387","141.456500","172.16.78.94","87.106.18.112","TCP","60","49165  >  80 [ACK] Seq=1 Ack=1 Win=64240 Len=0"
"388","141.456617","172.16.78.94","87.106.18.112","HTTP","696","POST /neryjn/foots.php HTTP/1.1 "
"389","141.456716","87.106.18.112","172.16.78.94","TCP","60","80  >  49165 [ACK] Seq=1 Ack=643 Win=64240 Len=0"
"390","141.645144","87.106.18.112","172.16.78.94","HTTP","373","HTTP/1.1 404 Not Found  (text/html)"
"391","141.645388","172.16.78.94","87.106.18.112","TCP","60","49165  >  80 [ACK] Seq=643 Ack=320 Win=63921 Len=0"
"392","141.645393","87.106.18.112","172.16.78.94","TCP","60","80  >  49165 [FIN, PSH, ACK] Seq=320 Ack=643 Win=64240 Len=0"
"393","141.645395","172.16.78.94","87.106.18.112","TCP","60","49165  >  80 [FIN, ACK] Seq=643 Ack=320 Win=63921 Len=0"
"394","141.645494","172.16.78.94","87.106.18.112","TCP","60","49165  >  80 [ACK] Seq=644 Ack=321 Win=63921 Len=0"
"395","141.645499","87.106.18.112","172.16.78.94","TCP","60","80  >  49165 [ACK] Seq=321 Ack=644 Win=64239 Len=0"
"396","141.647068","172.16.78.94","87.106.18.112","TCP","66","49166  >  80 [SYN] Seq=0 Win=8192 Len=0 MSS=1460 WS=256 SACK_PERM=1"
"397","141.839566","87.106.18.112","172.16.78.94","TCP","60","80  >  49166 [SYN, ACK] Seq=0 Ack=1 Win=64240 Len=0 MSS=1460"
"398","141.839740","172.16.78.94","87.106.18.112","TCP","60","49166  >  80 [ACK] Seq=1 Ack=1 Win=64240 Len=0"
"399","141.840078","172.16.78.94","87.106.18.112","HTTP","696","POST /neryjn/foots.php HTTP/1.1 "
"400","141.840182","87.106.18.112","172.16.78.94","TCP","60","80  >  49166 [ACK] Seq=1 Ack=643 Win=64240 Len=0"
"401","142.033150","87.106.18.112","172.16.78.94","HTTP","373","HTTP/1.1 404 Not Found  (text/html)"
"402","142.033275","87.106.18.112","172.16.78.94","TCP","60","80  >  49166 [FIN, PSH, ACK] Seq=320 Ack=643 Win=64240 Len=0"
"403","142.033455","172.16.78.94","87.106.18.112","TCP","60","49166  >  80 [ACK] Seq=643 Ack=320 Win=63921 Len=0"
"404","142.033545","172.16.78.94","87.106.18.112","TCP","60","49166  >  80 [ACK] Seq=643 Ack=321 Win=63921 Len=0"
"405","142.033622","172.16.78.94","87.106.18.112","TCP","60","49166  >  80 [FIN, ACK] Seq=643 Ack=321 Win=63921 Len=0"
"406","142.033781","87.106.18.112","172.16.78.94","TCP","60","80  >  49166 [ACK] Seq=321 Ack=644 Win=64239 Len=0"
"407","142.336346","172.16.78.94","172.16.78.1","NBNS","92","Name query NB WPAD<00>"
"408","143.850283","172.16.78.94","172.16.78.1","NBNS","92","Name query NB WPAD<00>"
"409","145.394101","172.16.78.94","172.16.78.255","NBNS","92","Name query NB WPAD<00>"
"410","145.787254","217.197.116.46","172.16.78.94","TCP","60","[TCP Retransmission] 80  >  49361 [FIN, PSH, ACK] Seq=1 Ack=1 Win=64240 Len=0"
"411","146.158421","172.16.78.94","172.16.78.255","NBNS","92","Name query NB WPAD<00>"
"412","146.923928","172.16.78.94","172.16.78.255","NBNS","92","Name query NB WPAD<00>"
"413","147.034147","172.16.78.94","87.106.18.112","TCP","66","49167  >  80 [SYN] Seq=0 Win=8192 Len=0 MSS=1460 WS=256 SACK_PERM=1"
"414","147.222189","87.106.18.112","172.16.78.94","TCP","60","80  >  49167 [SYN, ACK] Seq=0 Ack=1 Win=64240 Len=0 MSS=1460"
"415","147.222436","172.16.78.94","87.106.18.112","TCP","60","49167  >  80 [ACK] Seq=1 Ack=1 Win=64240 Len=0"
"416","147.222888","172.16.78.94","87.106.18.112","HTTP","696","POST /neryjn/foots.php HTTP/1.1 "
"417","147.222979","87.106.18.112","172.16.78.94","TCP","60","80  >  49167 [ACK] Seq=1 Ack=643 Win=64240 Len=0"
"418","147.412879","87.106.18.112","172.16.78.94","HTTP","373","HTTP/1.1 404 Not Found  (text/html)"
"419","147.412906","87.106.18.112","172.16.78.94","TCP","60","80  >  49167 [FIN, PSH, ACK] Seq=320 Ack=643 Win=64240 Len=0"
"420","147.413193","172.16.78.94","87.106.18.112","TCP","60","49167  >  80 [ACK] Seq=643 Ack=321 Win=63921 Len=0"
"421","147.413288","172.16.78.94","87.106.18.112","TCP","60","49167  >  80 [FIN, ACK] Seq=643 Ack=321 Win=63921 Len=0"
"422","147.413442","87.106.18.112","172.16.78.94","TCP","60","80  >  49167 [ACK] Seq=321 Ack=644 Win=64239 Len=0"
"423","147.414522","172.16.78.94","87.106.18.112","TCP","66","49168  >  80 [SYN] Seq=0 Win=8192 Len=0 MSS=1460 WS=256 SACK_PERM=1"
"424","147.609453","87.106.18.112","172.16.78.94","TCP","60","80  >  49168 [SYN, ACK] Seq=0 Ack=1 Win=64240 Len=0 MSS=1460"
"425","147.609582","172.16.78.94","87.106.18.112","TCP","60","49168  >  80 [ACK] Seq=1 Ack=1 Win=64240 Len=0"
"426","147.609941","172.16.78.94","87.106.18.112","HTTP","696","POST /neryjn/foots.php HTTP/1.1 "
"427","147.610039","87.106.18.112","172.16.78.94","TCP","60","80  >  49168 [ACK] Seq=1 Ack=643 Win=64240 Len=0"
"428","147.805467","87.106.18.112","172.16.78.94","HTTP","373","HTTP/1.1 404 Not Found  (text/html)"
"429","147.805488","87.106.18.112","172.16.78.94","TCP","60","80  >  49168 [FIN, PSH, ACK] Seq=320 Ack=643 Win=64240 Len=0"
"430","147.805754","172.16.78.94","87.106.18.112","TCP","60","49168  >  80 [ACK] Seq=643 Ack=320 Win=63921 Len=0"
"431","147.805760","172.16.78.94","87.106.18.112","TCP","60","49168  >  80 [ACK] Seq=643 Ack=321 Win=63921 Len=0"
"432","147.806023","172.16.78.94","87.106.18.112","TCP","60","49168  >  80 [FIN, ACK] Seq=643 Ack=321 Win=63921 Len=0"
"433","147.806111","87.106.18.112","172.16.78.94","TCP","60","80  >  49168 [ACK] Seq=321 Ack=644 Win=64239 Len=0"
"434","148.044437","51.254.164.50","172.16.78.94","TCP","597","[TCP Retransmission] 443  >  49348 [PSH, ACK] Seq=1 Ack=1 Win=64240 Len=543"
"435","152.806324","172.16.78.94","87.106.18.112","TCP","66","49169  >  80 [SYN] Seq=0 Win=8192 Len=0 MSS=1460 WS=256 SACK_PERM=1"
"436","152.999671","87.106.18.112","172.16.78.94","TCP","60","80  >  49169 [SYN, ACK] Seq=0 Ack=1 Win=64240 Len=0 MSS=1460"
"437","152.999680","172.16.78.94","87.106.18.112","TCP","60","49169  >  80 [ACK] Seq=1 Ack=1 Win=64240 Len=0"
"438","152.999681","172.16.78.94","87.106.18.112","HTTP","696","POST /neryjn/foots.php HTTP/1.1 "
"439","152.999683","87.106.18.112","172.16.78.94","TCP","60","80  >  49169 [ACK] Seq=1 Ack=643 Win=64240 Len=0"
"440","153.195680","87.106.18.112","172.16.78.94","HTTP","373","HTTP/1.1 404 Not Found  (text/html)"
"441","153.195699","87.106.18.112","172.16.78.94","TCP","60","80  >  49169 [FIN, PSH, ACK] Seq=320 Ack=643 Win=64240 Len=0"
"442","153.195700","172.16.78.94","87.106.18.112","TCP","60","49169  >  80 [ACK] Seq=643 Ack=321 Win=63921 Len=0"
"443","153.195701","172.16.78.94","87.106.18.112","TCP","60","49169  >  80 [FIN, ACK] Seq=643 Ack=321 Win=63921 Len=0"
"444","153.195702","87.106.18.112","172.16.78.94","TCP","60","80  >  49169 [ACK] Seq=321 Ack=644 Win=64239 Len=0"
"445","153.196312","172.16.78.94","87.106.18.112","TCP","66","49170  >  80 [SYN] Seq=0 Win=8192 Len=0 MSS=1460 WS=256 SACK_PERM=1"
"446","153.390501","87.106.18.112","172.16.78.94","TCP","60","80  >  49170 [SYN, ACK] Seq=0 Ack=1 Win=64240 Len=0 MSS=1460"
"447","153.390518","172.16.78.94","87.106.18.112","TCP","60","49170  >  80 [ACK] Seq=1 Ack=1 Win=64240 Len=0"
"448","153.390520","172.16.78.94","87.106.18.112","HTTP","696","POST /neryjn/foots.php HTTP/1.1 "
"449","153.390522","87.106.18.112","172.16.78.94","TCP","60","80  >  49170 [ACK] Seq=1 Ack=643 Win=64240 Len=0"
"450","153.584927","87.106.18.112","172.16.78.94","HTTP","373","HTTP/1.1 404 Not Found  (text/html)"
"451","153.585051","172.16.78.94","87.106.18.112","TCP","60","49170  >  80 [ACK] Seq=643 Ack=320 Win=63921 Len=0"
"452","153.585055","87.106.18.112","172.16.78.94","TCP","60","80  >  49170 [FIN, PSH, ACK] Seq=320 Ack=643 Win=64240 Len=0"
"453","153.585183","172.16.78.94","87.106.18.112","TCP","60","49170  >  80 [ACK] Seq=643 Ack=321 Win=63921 Len=0"
"454","153.585461","172.16.78.94","87.106.18.112","TCP","60","49170  >  80 [FIN, ACK] Seq=643 Ack=321 Win=63921 Len=0"
"455","153.585621","87.106.18.112","172.16.78.94","TCP","60","80  >  49170 [ACK] Seq=321 Ack=644 Win=64239 Len=0"
"456","163.600183","172.16.78.94","134.249.202.251","TCP","66","49171  >  80 [SYN] Seq=0 Win=8192 Len=0 MSS=1460 WS=256 SACK_PERM=1"
"457","163.879185","134.249.202.251","172.16.78.94","TCP","60","80  >  49171 [SYN, ACK] Seq=0 Ack=1 Win=64240 Len=0 MSS=1460"
"458","163.879402","172.16.78.94","134.249.202.251","TCP","60","49171  >  80 [ACK] Seq=1 Ack=1 Win=64240 Len=0"
"459","163.879579","172.16.78.94","134.249.202.251","TCP","269","49171  >  80 [PSH, ACK] Seq=1 Ack=1 Win=64240 Len=215 [TCP segment of a reassembled PDU]"
"460","163.879653","172.16.78.94","134.249.202.251","HTTP","1070","POST /neryjn/foots.php HTTP/1.1 "
"461","163.879660","134.249.202.251","172.16.78.94","TCP","60","80  >  49171 [ACK] Seq=1 Ack=216 Win=64240 Len=0"
"462","163.879703","134.249.202.251","172.16.78.94","TCP","60","80  >  49171 [ACK] Seq=1 Ack=1232 Win=64240 Len=0"
"463","164.086507","172.16.78.94","255.255.255.255","DHCP","342","DHCP Inform   - Transaction ID 0x2142e287"
"464","164.086565","172.16.78.254","172.16.78.94","DHCP","342","DHCP ACK      - Transaction ID 0x2142e287"
"465","164.090070","172.16.78.94","172.16.78.1","NBNS","92","Name query NB WPAD<00>"
"466","164.699784","134.249.202.251","172.16.78.94","HTTP","488","HTTP/1.1 404 Not Found  (text/html)"
"467","164.699909","172.16.78.94","134.249.202.251","TCP","60","49171  >  80 [ACK] Seq=1232 Ack=436 Win=63806 Len=0"
"468","164.700187","172.16.78.94","134.249.202.251","TCP","60","49171  >  80 [FIN, ACK] Seq=1232 Ack=436 Win=63806 Len=0"
"469","164.700255","134.249.202.251","172.16.78.94","TCP","60","80  >  49171 [ACK] Seq=436 Ack=1233 Win=64239 Len=0"
"470","164.701405","172.16.78.94","134.249.202.251","TCP","66","49172  >  80 [SYN] Seq=0 Win=8192 Len=0 MSS=1460 WS=256 SACK_PERM=1"
"471","165.005315","134.249.202.251","172.16.78.94","TCP","60","80  >  49172 [SYN, ACK] Seq=0 Ack=1 Win=64240 Len=0 MSS=1460"
"472","165.005416","172.16.78.94","134.249.202.251","TCP","60","49172  >  80 [ACK] Seq=1 Ack=1 Win=64240 Len=0"
"473","165.005729","172.16.78.94","134.249.202.251","TCP","269","49172  >  80 [PSH, ACK] Seq=1 Ack=1 Win=64240 Len=215 [TCP segment of a reassembled PDU]"
"474","165.005784","172.16.78.94","134.249.202.251","HTTP","1070","POST /neryjn/foots.php HTTP/1.1 "
"475","165.005788","134.249.202.251","172.16.78.94","TCP","60","80  >  49172 [ACK] Seq=1 Ack=216 Win=64240 Len=0"
"476","165.005824","134.249.202.251","172.16.78.94","TCP","60","80  >  49172 [ACK] Seq=1 Ack=1232 Win=64240 Len=0"
"477","165.595472","172.16.78.94","172.16.78.1","NBNS","92","Name query NB WPAD<00>"
"478","165.824137","134.249.202.251","172.16.78.94","HTTP","458","HTTP/1.1 403 Forbidden  (text/html)"
"479","165.824323","172.16.78.94","134.249.202.251","TCP","60","49172  >  80 [ACK] Seq=1232 Ack=406 Win=63836 Len=0"
"480","165.824758","172.16.78.94","134.249.202.251","TCP","60","49172  >  80 [FIN, ACK] Seq=1232 Ack=406 Win=63836 Len=0"
"481","165.824764","134.249.202.251","172.16.78.94","TCP","60","80  >  49172 [ACK] Seq=406 Ack=1233 Win=64239 Len=0"
"482","167.108535","172.16.78.94","172.16.78.1","NBNS","92","Name query NB WPAD<00>"
"483","168.653073","172.16.78.94","172.16.78.255","NBNS","92","Name query NB WPAD<00>"
"484","169.417602","172.16.78.94","172.16.78.255","NBNS","92","Name query NB WPAD<00>"
"485","170.181659","172.16.78.94","172.16.78.255","NBNS","92","Name query NB WPAD<00>"
"486","170.823535","172.16.78.94","134.249.202.251","TCP","66","49173  >  80 [SYN] Seq=0 Win=8192 Len=0 MSS=1460 WS=256 SACK_PERM=1"
"487","171.061260","134.249.202.251","172.16.78.94","TCP","60","80  >  49173 [SYN, ACK] Seq=0 Ack=1 Win=64240 Len=0 MSS=1460"
"488","171.061426","172.16.78.94","134.249.202.251","TCP","60","49173  >  80 [ACK] Seq=1 Ack=1 Win=64240 Len=0"
"489","171.061695","172.16.78.94","134.249.202.251","TCP","269","49173  >  80 [PSH, ACK] Seq=1 Ack=1 Win=64240 Len=215 [TCP segment of a reassembled PDU]"
"490","171.061749","172.16.78.94","134.249.202.251","HTTP","1070","POST /neryjn/foots.php HTTP/1.1 "
"491","171.061754","134.249.202.251","172.16.78.94","TCP","60","80  >  49173 [ACK] Seq=1 Ack=216 Win=64240 Len=0"
"492","171.061798","134.249.202.251","172.16.78.94","TCP","60","80  >  49173 [ACK] Seq=1 Ack=1232 Win=64240 Len=0"
"493","171.826822","134.249.202.251","172.16.78.94","HTTP","488","HTTP/1.1 404 Not Found  (text/html)"
"494","171.826885","134.249.202.251","172.16.78.94","TCP","60","80  >  49173 [FIN, PSH, ACK] Seq=435 Ack=1232 Win=64240 Len=0"
"495","171.826935","172.16.78.94","134.249.202.251","TCP","60","49173  >  80 [ACK] Seq=1232 Ack=435 Win=63806 Len=0"
"496","171.827087","172.16.78.94","134.249.202.251","TCP","60","49173  >  80 [ACK] Seq=1232 Ack=436 Win=63806 Len=0"
"497","171.827319","172.16.78.94","134.249.202.251","TCP","60","49173  >  80 [FIN, ACK] Seq=1232 Ack=436 Win=63806 Len=0"
"498","171.827390","134.249.202.251","172.16.78.94","TCP","60","80  >  49173 [ACK] Seq=436 Ack=1233 Win=64239 Len=0"
"499","171.828270","172.16.78.94","134.249.202.251","TCP","66","49175  >  80 [SYN] Seq=0 Win=8192 Len=0 MSS=1460 WS=256 SACK_PERM=1"
"500","172.079434","134.249.202.251","172.16.78.94","TCP","60","80  >  49175 [SYN, ACK] Seq=0 Ack=1 Win=64240 Len=0 MSS=1460"
"501","172.079444","172.16.78.94","134.249.202.251","TCP","60","49175  >  80 [ACK] Seq=1 Ack=1 Win=64240 Len=0"
"502","172.079668","172.16.78.94","134.249.202.251","TCP","269","49175  >  80 [PSH, ACK] Seq=1 Ack=1 Win=64240 Len=215 [TCP segment of a reassembled PDU]"
"503","172.079759","172.16.78.94","134.249.202.251","HTTP","1070","POST /neryjn/foots.php HTTP/1.1 "
"504","172.079766","134.249.202.251","172.16.78.94","TCP","60","80  >  49175 [ACK] Seq=1 Ack=216 Win=64240 Len=0"
"505","172.079812","134.249.202.251","172.16.78.94","TCP","60","80  >  49175 [ACK] Seq=1 Ack=1232 Win=64240 Len=0"
"506","172.207552","172.16.78.94","172.16.78.255","NBNS","92","Name query NB WPAD<00>"
"507","172.959402","172.16.78.94","172.16.78.255","NBNS","92","Name query NB WPAD<00>"
"508","172.993387","134.249.202.251","172.16.78.94","HTTP","458","HTTP/1.1 403 Forbidden  (text/html)"
"509","172.993532","172.16.78.94","134.249.202.251","TCP","60","49175  >  80 [ACK] Seq=1232 Ack=406 Win=63836 Len=0"
"510","172.993772","172.16.78.94","134.249.202.251","TCP","60","49175  >  80 [FIN, ACK] Seq=1232 Ack=406 Win=63836 Len=0"
"511","172.993829","134.249.202.251","172.16.78.94","TCP","60","80  >  49175 [ACK] Seq=406 Ack=1233 Win=64239 Len=0"
"512","173.723393","172.16.78.94","172.16.78.255","NBNS","92","Name query NB WPAD<00>"
"513","177.998470","172.16.78.94","134.249.202.251","TCP","66","49178  >  80 [SYN] Seq=0 Win=8192 Len=0 MSS=1460 WS=256 SACK_PERM=1"
"514","178.317634","134.249.202.251","172.16.78.94","TCP","60","80  >  49178 [SYN, ACK] Seq=0 Ack=1 Win=64240 Len=0 MSS=1460"
"515","178.317808","172.16.78.94","134.249.202.251","TCP","60","49178  >  80 [ACK] Seq=1 Ack=1 Win=64240 Len=0"
"516","178.318088","172.16.78.94","134.249.202.251","TCP","269","49178  >  80 [PSH, ACK] Seq=1 Ack=1 Win=64240 Len=215 [TCP segment of a reassembled PDU]"
"517","178.318169","172.16.78.94","134.249.202.251","HTTP","1070","POST /neryjn/foots.php HTTP/1.1 "
"518","178.318175","134.249.202.251","172.16.78.94","TCP","60","80  >  49178 [ACK] Seq=1 Ack=216 Win=64240 Len=0"
"519","178.318176","134.249.202.251","172.16.78.94","TCP","60","80  >  49178 [ACK] Seq=1 Ack=1232 Win=64240 Len=0"
"520","179.239238","134.249.202.251","172.16.78.94","HTTP","458","HTTP/1.1 403 Forbidden  (text/html)"
"521","179.239259","134.249.202.251","172.16.78.94","TCP","60","80  >  49178 [FIN, PSH, ACK] Seq=405 Ack=1232 Win=64240 Len=0"
"522","179.239374","172.16.78.94","134.249.202.251","TCP","60","49178  >  80 [ACK] Seq=1232 Ack=406 Win=63836 Len=0"
"523","179.239681","172.16.78.94","134.249.202.251","TCP","60","49178  >  80 [FIN, ACK] Seq=1232 Ack=406 Win=63836 Len=0"
"524","179.239774","134.249.202.251","172.16.78.94","TCP","60","80  >  49178 [ACK] Seq=406 Ack=1233 Win=64239 Len=0"
"525","179.240571","172.16.78.94","134.249.202.251","TCP","66","49179  >  80 [SYN] Seq=0 Win=8192 Len=0 MSS=1460 WS=256 SACK_PERM=1"
"526","179.546279","134.249.202.251","172.16.78.94","TCP","60","80  >  49179 [SYN, ACK] Seq=0 Ack=1 Win=64240 Len=0 MSS=1460"
"527","179.546733","172.16.78.94","134.249.202.251","TCP","60","49179  >  80 [ACK] Seq=1 Ack=1 Win=64240 Len=0"
"528","179.547105","172.16.78.94","134.249.202.251","TCP","269","49179  >  80 [PSH, ACK] Seq=1 Ack=1 Win=64240 Len=215 [TCP segment of a reassembled PDU]"
"529","179.547228","172.16.78.94","134.249.202.251","HTTP","1070","POST /neryjn/foots.php HTTP/1.1 "
"530","179.547233","134.249.202.251","172.16.78.94","TCP","60","80  >  49179 [ACK] Seq=1 Ack=216 Win=64240 Len=0"
"531","179.547235","134.249.202.251","172.16.78.94","TCP","60","80  >  49179 [ACK] Seq=1 Ack=1232 Win=64240 Len=0"
"532","180.360138","134.249.202.251","172.16.78.94","HTTP","458","HTTP/1.1 403 Forbidden  (text/html)"
"533","180.360151","134.249.202.251","172.16.78.94","TCP","60","80  >  49179 [FIN, PSH, ACK] Seq=405 Ack=1232 Win=64240 Len=0"
"534","180.360246","172.16.78.94","134.249.202.251","TCP","60","49179  >  80 [ACK] Seq=1232 Ack=406 Win=63836 Len=0"
"535","180.360390","172.16.78.94","134.249.202.251","TCP","60","49179  >  80 [FIN, ACK] Seq=1232 Ack=406 Win=63836 Len=0"
"536","180.360482","134.249.202.251","172.16.78.94","TCP","60","80  >  49179 [ACK] Seq=406 Ack=1233 Win=64239 Len=0"
"537","210.398778","172.16.78.94","87.106.18.112","TCP","66","49180  >  80 [SYN] Seq=0 Win=8192 Len=0 MSS=1460 WS=256 SACK_PERM=1"
"538","210.591754","87.106.18.112","172.16.78.94","TCP","60","80  >  49180 [SYN, ACK] Seq=0 Ack=1 Win=64240 Len=0 MSS=1460"
"539","210.591990","172.16.78.94","87.106.18.112","TCP","60","49180  >  80 [ACK] Seq=1 Ack=1 Win=64240 Len=0"
"540","210.592203","172.16.78.94","87.106.18.112","TCP","271","49180  >  80 [PSH, ACK] Seq=1 Ack=1 Win=64240 Len=217 [TCP segment of a reassembled PDU]"
"541","210.592312","172.16.78.94","87.106.18.112","HTTP","1040","POST /neryjn/foots.php HTTP/1.1 "
"542","210.592320","87.106.18.112","172.16.78.94","TCP","60","80  >  49180 [ACK] Seq=1 Ack=218 Win=64240 Len=0"
"543","210.592358","87.106.18.112","172.16.78.94","TCP","60","80  >  49180 [ACK] Seq=1 Ack=1204 Win=64240 Len=0"
"544","210.976943","87.106.18.112","172.16.78.94","HTTP","373","HTTP/1.1 404 Not Found  (text/html)"
"545","210.977050","172.16.78.94","87.106.18.112","TCP","60","49180  >  80 [ACK] Seq=1204 Ack=320 Win=63921 Len=0"
"546","210.977132","172.16.78.94","87.106.18.112","TCP","60","49180  >  80 [FIN, ACK] Seq=1204 Ack=320 Win=63921 Len=0"
"547","210.977242","87.106.18.112","172.16.78.94","TCP","60","80  >  49180 [FIN, PSH, ACK] Seq=320 Ack=1205 Win=64239 Len=0"
"548","210.977671","172.16.78.94","87.106.18.112","TCP","60","49180  >  80 [ACK] Seq=1205 Ack=321 Win=63921 Len=0"
"549","210.978857","172.16.78.94","87.106.18.112","TCP","66","49181  >  80 [SYN] Seq=0 Win=8192 Len=0 MSS=1460 WS=256 SACK_PERM=1"
"550","211.164612","87.106.18.112","172.16.78.94","TCP","60","80  >  49181 [SYN, ACK] Seq=0 Ack=1 Win=64240 Len=0 MSS=1460"
"551","211.165021","172.16.78.94","87.106.18.112","TCP","60","49181  >  80 [ACK] Seq=1 Ack=1 Win=64240 Len=0"
"552","211.165171","172.16.78.94","87.106.18.112","TCP","271","49181  >  80 [PSH, ACK] Seq=1 Ack=1 Win=64240 Len=217 [TCP segment of a reassembled PDU]"
"553","211.165220","172.16.78.94","87.106.18.112","HTTP","1040","POST /neryjn/foots.php HTTP/1.1 "
"554","211.165223","87.106.18.112","172.16.78.94","TCP","60","80  >  49181 [ACK] Seq=1 Ack=218 Win=64240 Len=0"
"555","211.165246","87.106.18.112","172.16.78.94","TCP","60","80  >  49181 [ACK] Seq=1 Ack=1204 Win=64240 Len=0"
"556","211.538270","87.106.18.112","172.16.78.94","HTTP","373","HTTP/1.1 404 Not Found  (text/html)"
"557","211.538287","87.106.18.112","172.16.78.94","TCP","60","80  >  49181 [FIN, PSH, ACK] Seq=320 Ack=1204 Win=64240 Len=0"
"558","211.538356","172.16.78.94","87.106.18.112","TCP","60","49181  >  80 [ACK] Seq=1204 Ack=321 Win=63921 Len=0"
"559","211.538479","172.16.78.94","87.106.18.112","TCP","60","49181  >  80 [FIN, ACK] Seq=1204 Ack=321 Win=63921 Len=0"
"560","211.538524","87.106.18.112","172.16.78.94","TCP","60","80  >  49181 [ACK] Seq=321 Ack=1205 Win=64239 Len=0"
"561","216.545011","172.16.78.94","87.106.18.112","TCP","66","49182  >  80 [SYN] Seq=0 Win=8192 Len=0 MSS=1460 WS=256 SACK_PERM=1"
"562","217.845123","87.106.18.112","172.16.78.94","TCP","60","80  >  49182 [SYN, ACK] Seq=0 Ack=1 Win=64240 Len=0 MSS=1460"
"563","217.845284","172.16.78.94","87.106.18.112","TCP","60","49182  >  80 [ACK] Seq=1 Ack=1 Win=64240 Len=0"
"564","217.845637","172.16.78.94","87.106.18.112","TCP","271","49182  >  80 [PSH, ACK] Seq=1 Ack=1 Win=64240 Len=217 [TCP segment of a reassembled PDU]"
"565","217.845730","172.16.78.94","87.106.18.112","HTTP","1040","POST /neryjn/foots.php HTTP/1.1 "
"566","217.845736","87.106.18.112","172.16.78.94","TCP","60","80  >  49182 [ACK] Seq=1 Ack=218 Win=64240 Len=0"
"567","217.845781","87.106.18.112","172.16.78.94","TCP","60","80  >  49182 [ACK] Seq=1 Ack=1204 Win=64240 Len=0"
"568","218.234795","87.106.18.112","172.16.78.94","HTTP","373","HTTP/1.1 404 Not Found  (text/html)"
"569","218.234942","172.16.78.94","87.106.18.112","TCP","60","49182  >  80 [ACK] Seq=1204 Ack=320 Win=63921 Len=0"
"570","218.234948","87.106.18.112","172.16.78.94","TCP","60","80  >  49182 [FIN, PSH, ACK] Seq=320 Ack=1204 Win=64240 Len=0"
"571","218.235022","172.16.78.94","87.106.18.112","TCP","60","49182  >  80 [ACK] Seq=1204 Ack=321 Win=63921 Len=0"
"572","218.235357","172.16.78.94","87.106.18.112","TCP","60","49182  >  80 [FIN, ACK] Seq=1204 Ack=321 Win=63921 Len=0"
"573","218.235458","87.106.18.112","172.16.78.94","TCP","60","80  >  49182 [ACK] Seq=321 Ack=1205 Win=64239 Len=0"
"574","218.236519","172.16.78.94","87.106.18.112","TCP","66","49183  >  80 [SYN] Seq=0 Win=8192 Len=0 MSS=1460 WS=256 SACK_PERM=1"
"575","218.425859","87.106.18.112","172.16.78.94","TCP","60","80  >  49183 [SYN, ACK] Seq=0 Ack=1 Win=64240 Len=0 MSS=1460"
"576","218.426074","172.16.78.94","87.106.18.112","TCP","60","49183  >  80 [ACK] Seq=1 Ack=1 Win=64240 Len=0"
"577","218.426495","172.16.78.94","87.106.18.112","TCP","271","49183  >  80 [PSH, ACK] Seq=1 Ack=1 Win=64240 Len=217 [TCP segment of a reassembled PDU]"
"578","218.426504","172.16.78.94","87.106.18.112","HTTP","1040","POST /neryjn/foots.php HTTP/1.1 "
"579","218.426508","87.106.18.112","172.16.78.94","TCP","60","80  >  49183 [ACK] Seq=1 Ack=218 Win=64240 Len=0"
"580","218.426607","87.106.18.112","172.16.78.94","TCP","60","80  >  49183 [ACK] Seq=1 Ack=1204 Win=64240 Len=0"
"581","218.805158","87.106.18.112","172.16.78.94","HTTP","373","HTTP/1.1 404 Not Found  (text/html)"
"582","218.805437","172.16.78.94","87.106.18.112","TCP","60","49183  >  80 [ACK] Seq=1204 Ack=321 Win=63921 Len=0"
"583","218.805613","172.16.78.94","87.106.18.112","TCP","60","49183  >  80 [FIN, ACK] Seq=1204 Ack=321 Win=63921 Len=0"
"584","218.805753","87.106.18.112","172.16.78.94","TCP","60","80  >  49183 [ACK] Seq=321 Ack=1205 Win=64239 Len=0"
"585","222.311383","172.16.78.94","172.16.78.1","NBNS","92","Name query NB WPAD<00>"
"586","223.814162","172.16.78.94","172.16.78.1","NBNS","92","Name query NB WPAD<00>"
"587","223.815127","172.16.78.94","87.106.18.112","TCP","66","49184  >  80 [SYN] Seq=0 Win=8192 Len=0 MSS=1460 WS=256 SACK_PERM=1"
"588","224.009790","87.106.18.112","172.16.78.94","TCP","60","80  >  49184 [SYN, ACK] Seq=0 Ack=1 Win=64240 Len=0 MSS=1460"
"589","224.009988","172.16.78.94","87.106.18.112","TCP","60","49184  >  80 [ACK] Seq=1 Ack=1 Win=64240 Len=0"
"590","224.010312","172.16.78.94","87.106.18.112","TCP","271","49184  >  80 [PSH, ACK] Seq=1 Ack=1 Win=64240 Len=217 [TCP segment of a reassembled PDU]"
"591","224.010408","172.16.78.94","87.106.18.112","HTTP","1040","POST /neryjn/foots.php HTTP/1.1 "
"592","224.010415","87.106.18.112","172.16.78.94","TCP","60","80  >  49184 [ACK] Seq=1 Ack=218 Win=64240 Len=0"
"593","224.010461","87.106.18.112","172.16.78.94","TCP","60","80  >  49184 [ACK] Seq=1 Ack=1204 Win=64240 Len=0"
"594","224.398276","87.106.18.112","172.16.78.94","HTTP","373","HTTP/1.1 404 Not Found  (text/html)"
"595","224.398296","87.106.18.112","172.16.78.94","TCP","60","80  >  49184 [FIN, PSH, ACK] Seq=320 Ack=1204 Win=64240 Len=0"
"596","224.398539","172.16.78.94","87.106.18.112","TCP","60","49184  >  80 [ACK] Seq=1204 Ack=321 Win=63921 Len=0"
"597","224.398783","172.16.78.94","87.106.18.112","TCP","60","49184  >  80 [FIN, ACK] Seq=1204 Ack=321 Win=63921 Len=0"
"598","224.398844","87.106.18.112","172.16.78.94","TCP","60","80  >  49184 [ACK] Seq=321 Ack=1205 Win=64239 Len=0"
"599","224.399857","172.16.78.94","87.106.18.112","TCP","66","49185  >  80 [SYN] Seq=0 Win=8192 Len=0 MSS=1460 WS=256 SACK_PERM=1"
"600","224.591106","87.106.18.112","172.16.78.94","TCP","60","80  >  49185 [SYN, ACK] Seq=0 Ack=1 Win=64240 Len=0 MSS=1460"
"601","224.591271","172.16.78.94","87.106.18.112","TCP","60","49185  >  80 [ACK] Seq=1 Ack=1 Win=64240 Len=0"
"602","224.591588","172.16.78.94","87.106.18.112","TCP","271","49185  >  80 [PSH, ACK] Seq=1 Ack=1 Win=64240 Len=217 [TCP segment of a reassembled PDU]"
"603","224.591732","172.16.78.94","87.106.18.112","HTTP","1040","POST /neryjn/foots.php HTTP/1.1 "
"604","224.591740","87.106.18.112","172.16.78.94","TCP","60","80  >  49185 [ACK] Seq=1 Ack=218 Win=64240 Len=0"
"605","224.591749","87.106.18.112","172.16.78.94","TCP","60","80  >  49185 [ACK] Seq=1 Ack=1204 Win=64240 Len=0"
"606","224.976003","87.106.18.112","172.16.78.94","HTTP","373","HTTP/1.1 404 Not Found  (text/html)"
"607","224.976299","172.16.78.94","87.106.18.112","TCP","60","49185  >  80 [ACK] Seq=1204 Ack=321 Win=63921 Len=0"
"608","224.976417","172.16.78.94","87.106.18.112","TCP","60","49185  >  80 [FIN, ACK] Seq=1204 Ack=321 Win=63921 Len=0"
"609","224.976519","87.106.18.112","172.16.78.94","TCP","60","80  >  49185 [ACK] Seq=321 Ack=1205 Win=64239 Len=0"
"610","225.326097","172.16.78.94","172.16.78.1","NBNS","92","Name query NB WPAD<00>"
"611","226.870943","172.16.78.94","172.16.78.255","NBNS","92","Name query NB WPAD<00>"
"612","227.636308","172.16.78.94","172.16.78.255","NBNS","92","Name query NB WPAD<00>"
"613","228.399515","172.16.78.94","172.16.78.255","NBNS","92","Name query NB WPAD<00>"
"614","234.983926","172.16.78.94","134.249.202.251","TCP","66","49187  >  80 [SYN] Seq=0 Win=8192 Len=0 MSS=1460 WS=256 SACK_PERM=1"
"615","235.253729","134.249.202.251","172.16.78.94","TCP","60","80  >  49187 [SYN, ACK] Seq=0 Ack=1 Win=64240 Len=0 MSS=1460"
"616","235.253827","172.16.78.94","134.249.202.251","TCP","60","49187  >  80 [ACK] Seq=1 Ack=1 Win=64240 Len=0"
"617","235.254209","172.16.78.94","134.249.202.251","HTTP","553","POST /neryjn/foots.php HTTP/1.1 "
"618","235.254283","134.249.202.251","172.16.78.94","TCP","60","80  >  49187 [ACK] Seq=1 Ack=500 Win=64240 Len=0"
"619","235.663922","134.249.202.251","172.16.78.94","HTTP","458","HTTP/1.1 403 Forbidden  (text/html)"
"620","235.664199","172.16.78.94","134.249.202.251","TCP","60","49187  >  80 [ACK] Seq=500 Ack=405 Win=63836 Len=0"
"621","235.664393","134.249.202.251","172.16.78.94","TCP","60","80  >  49187 [FIN, PSH, ACK] Seq=405 Ack=500 Win=64240 Len=0"
"622","235.664400","172.16.78.94","134.249.202.251","TCP","60","49187  >  80 [ACK] Seq=500 Ack=406 Win=63836 Len=0"
"623","235.664548","172.16.78.94","134.249.202.251","TCP","60","49187  >  80 [FIN, ACK] Seq=500 Ack=406 Win=63836 Len=0"
"624","235.664672","134.249.202.251","172.16.78.94","TCP","60","80  >  49187 [ACK] Seq=406 Ack=501 Win=64239 Len=0"
"625","235.665481","172.16.78.94","134.249.202.251","TCP","66","49188  >  80 [SYN] Seq=0 Win=8192 Len=0 MSS=1460 WS=256 SACK_PERM=1"
"626","235.897208","134.249.202.251","172.16.78.94","TCP","60","80  >  49188 [SYN, ACK] Seq=0 Ack=1 Win=64240 Len=0 MSS=1460"
"627","235.897490","172.16.78.94","134.249.202.251","TCP","60","49188  >  80 [ACK] Seq=1 Ack=1 Win=64240 Len=0"
"628","235.897995","172.16.78.94","134.249.202.251","HTTP","553","POST /neryjn/foots.php HTTP/1.1 "
"629","235.898100","134.249.202.251","172.16.78.94","TCP","60","80  >  49188 [ACK] Seq=1 Ack=500 Win=64240 Len=0"
"630","236.380175","134.249.202.251","172.16.78.94","HTTP","488","HTTP/1.1 404 Not Found  (text/html)"
"631","236.380395","172.16.78.94","134.249.202.251","TCP","60","49188  >  80 [ACK] Seq=500 Ack=435 Win=63806 Len=0"
"632","236.380553","134.249.202.251","172.16.78.94","TCP","60","80  >  49188 [FIN, PSH, ACK] Seq=435 Ack=500 Win=64240 Len=0"
"633","236.380673","172.16.78.94","134.249.202.251","TCP","60","49188  >  80 [ACK] Seq=500 Ack=436 Win=63806 Len=0"
"634","236.380748","172.16.78.94","134.249.202.251","TCP","60","49188  >  80 [FIN, ACK] Seq=500 Ack=436 Win=63806 Len=0"
"635","236.380928","134.249.202.251","172.16.78.94","TCP","60","80  >  49188 [ACK] Seq=436 Ack=501 Win=64239 Len=0"
"636","241.379876","172.16.78.94","134.249.202.251","TCP","66","49189  >  80 [SYN] Seq=0 Win=8192 Len=0 MSS=1460 WS=256 SACK_PERM=1"
"637","241.616943","134.249.202.251","172.16.78.94","TCP","60","80  >  49189 [SYN, ACK] Seq=0 Ack=1 Win=64240 Len=0 MSS=1460"
"638","241.617215","172.16.78.94","134.249.202.251","TCP","60","49189  >  80 [ACK] Seq=1 Ack=1 Win=64240 Len=0"
"639","241.617424","172.16.78.94","134.249.202.251","HTTP","553","POST /neryjn/foots.php HTTP/1.1 "
"640","241.617515","134.249.202.251","172.16.78.94","TCP","60","80  >  49189 [ACK] Seq=1 Ack=500 Win=64240 Len=0"
"641","242.293659","134.249.202.251","172.16.78.94","HTTP","458","HTTP/1.1 403 Forbidden  (text/html)"
"642","242.293931","172.16.78.94","134.249.202.251","TCP","60","49189  >  80 [ACK] Seq=500 Ack=405 Win=63836 Len=0"
"643","242.294288","172.16.78.94","134.249.202.251","TCP","60","49189  >  80 [FIN, ACK] Seq=500 Ack=405 Win=63836 Len=0"
"644","242.294361","134.249.202.251","172.16.78.94","TCP","60","80  >  49189 [ACK] Seq=405 Ack=501 Win=64239 Len=0"
"645","242.294953","134.249.202.251","172.16.78.94","TCP","60","80  >  49189 [FIN, PSH, ACK] Seq=405 Ack=501 Win=64239 Len=0"
"646","242.295049","172.16.78.94","134.249.202.251","TCP","60","49189  >  80 [ACK] Seq=501 Ack=406 Win=63836 Len=0"
"647","242.295121","172.16.78.94","134.249.202.251","TCP","66","49190  >  80 [SYN] Seq=0 Win=8192 Len=0 MSS=1460 WS=256 SACK_PERM=1"
"648","242.627302","134.249.202.251","172.16.78.94","TCP","60","80  >  49190 [SYN, ACK] Seq=0 Ack=1 Win=64240 Len=0 MSS=1460"
"649","242.627519","172.16.78.94","134.249.202.251","TCP","60","49190  >  80 [ACK] Seq=1 Ack=1 Win=64240 Len=0"
"650","242.627696","172.16.78.94","134.249.202.251","HTTP","553","POST /neryjn/foots.php HTTP/1.1 "
"651","242.627770","134.249.202.251","172.16.78.94","TCP","60","80  >  49190 [ACK] Seq=1 Ack=500 Win=64240 Len=0"
"652","243.138817","134.249.202.251","172.16.78.94","HTTP","488","HTTP/1.1 404 Not Found  (text/html)"
"653","243.138839","134.249.202.251","172.16.78.94","TCP","60","80  >  49190 [FIN, PSH, ACK] Seq=435 Ack=500 Win=64240 Len=0"
"654","243.138891","172.16.78.94","134.249.202.251","TCP","60","49190  >  80 [ACK] Seq=500 Ack=435 Win=63806 Len=0"
"655","243.138996","172.16.78.94","134.249.202.251","TCP","60","49190  >  80 [ACK] Seq=500 Ack=436 Win=63806 Len=0"
"656","243.139342","172.16.78.94","134.249.202.251","TCP","60","49190  >  80 [FIN, ACK] Seq=500 Ack=436 Win=63806 Len=0"
"657","243.139438","134.249.202.251","172.16.78.94","TCP","60","80  >  49190 [ACK] Seq=436 Ack=501 Win=64239 Len=0"
"658","244.014547","172.16.78.94","172.16.78.1","NBNS","110","Refresh NB VOLTRON-PC<20>"
"659","245.528824","172.16.78.94","172.16.78.1","NBNS","110","Refresh NB VOLTRON-PC<20>"
"660","247.041204","172.16.78.94","172.16.78.1","NBNS","110","Refresh NB VOLTRON-PC<20>"
